/*
Navicat MySQL Data Transfer

Source Server         : 本机MySQL数据库
Source Server Version : 50616
Source Host           : localhost:3306
Source Database       : projectscorev2

Target Server Type    : MYSQL
Target Server Version : 50616
File Encoding         : 65001

Date: 2018-09-09 11:56:26
*/

SET FOREIGN_KEY_CHECKS=0;

-- ----------------------------
-- Table structure for `class`
-- ----------------------------
DROP TABLE IF EXISTS `class`;
CREATE TABLE `class` (
  `CLASS_ID` tinyint(4) NOT NULL AUTO_INCREMENT,
  `CLASS_NAME` varchar(20) NOT NULL,
  `CLASS_DES` varchar(100) DEFAULT NULL,
  `TEACHER_ID` tinyint(4) NOT NULL,
  PRIMARY KEY (`CLASS_ID`)
) ENGINE=InnoDB AUTO_INCREMENT=2 DEFAULT CHARSET=gbk;

-- ----------------------------
-- Records of class
-- ----------------------------
INSERT INTO `class` VALUES ('1', '计算机16211-12实训班', 'Java应用开发实践', '1');

-- ----------------------------
-- Table structure for `project`
-- ----------------------------
DROP TABLE IF EXISTS `project`;
CREATE TABLE `project` (
  `PROJECT_ID` tinyint(4) NOT NULL AUTO_INCREMENT,
  `PROJECT_NAME` varchar(20) NOT NULL,
  `TEACHER_ID` tinyint(4) NOT NULL,
  `CLASS_ID` int(11) NOT NULL,
  `CREATE_TIME` datetime NOT NULL,
  `GROUP_ID` tinyint(4) NOT NULL,
  `STATE` tinyint(4) NOT NULL,
  `TEACHER_SCORE` float DEFAULT NULL,
  `SCORE` float DEFAULT NULL,
  PRIMARY KEY (`PROJECT_ID`)
) ENGINE=InnoDB AUTO_INCREMENT=85 DEFAULT CHARSET=gbk;

-- ----------------------------
-- Records of project
-- ----------------------------
INSERT INTO `project` VALUES ('62', '第23组项目中期演示', '1', '1', '2018-09-09 10:59:46', '23', '1', null, null);
INSERT INTO `project` VALUES ('63', '第22组项目中期演示', '1', '1', '2018-09-09 10:59:46', '22', '1', null, null);
INSERT INTO `project` VALUES ('64', '第21组项目中期演示', '1', '1', '2018-09-09 10:59:46', '21', '1', null, null);
INSERT INTO `project` VALUES ('65', '第20组项目中期演示', '1', '1', '2018-09-09 10:59:46', '20', '1', null, null);
INSERT INTO `project` VALUES ('66', '第19组项目中期演示', '1', '1', '2018-09-09 10:59:46', '19', '1', null, null);
INSERT INTO `project` VALUES ('67', '第18组项目中期演示', '1', '1', '2018-09-09 10:59:46', '18', '1', null, null);
INSERT INTO `project` VALUES ('68', '第17组项目中期演示', '1', '1', '2018-09-09 10:59:46', '17', '1', null, null);
INSERT INTO `project` VALUES ('69', '第16组项目中期演示', '1', '1', '2018-09-09 10:59:46', '16', '1', null, null);
INSERT INTO `project` VALUES ('70', '第15组项目中期演示', '1', '1', '2018-09-09 10:59:46', '15', '1', null, null);
INSERT INTO `project` VALUES ('71', '第14组项目中期演示', '1', '1', '2018-09-09 10:59:46', '14', '1', null, null);
INSERT INTO `project` VALUES ('72', '第13组项目中期演示', '1', '1', '2018-09-09 10:59:46', '13', '1', null, null);
INSERT INTO `project` VALUES ('73', '第12组项目中期演示', '1', '1', '2018-09-09 10:59:46', '12', '1', null, null);
INSERT INTO `project` VALUES ('74', '第11组项目中期演示', '1', '1', '2018-09-09 10:59:46', '11', '1', null, null);
INSERT INTO `project` VALUES ('75', '第10组项目中期演示', '1', '1', '2018-09-09 10:59:46', '10', '1', null, null);
INSERT INTO `project` VALUES ('76', '第9组项目中期演示', '1', '1', '2018-09-09 10:59:46', '9', '1', null, null);
INSERT INTO `project` VALUES ('77', '第8组项目中期演示', '1', '1', '2018-09-09 10:59:46', '8', '1', null, null);
INSERT INTO `project` VALUES ('78', '第7组项目中期演示', '1', '1', '2018-09-09 10:59:46', '7', '1', null, null);
INSERT INTO `project` VALUES ('79', '第6组项目中期演示', '1', '1', '2018-09-09 10:59:46', '6', '1', null, null);
INSERT INTO `project` VALUES ('80', '第5组项目中期演示', '1', '1', '2018-09-09 10:59:46', '5', '1', null, null);
INSERT INTO `project` VALUES ('81', '第4组项目中期演示', '1', '1', '2018-09-09 10:59:46', '4', '1', null, null);
INSERT INTO `project` VALUES ('82', '第3组项目中期演示', '1', '1', '2018-09-09 10:59:46', '3', '1', null, null);
INSERT INTO `project` VALUES ('83', '第2组项目中期演示', '1', '1', '2018-09-09 10:59:46', '2', '1', null, null);
INSERT INTO `project` VALUES ('84', '第1组项目中期演示', '1', '1', '2018-09-09 10:59:46', '1', '1', null, null);

-- ----------------------------
-- Table structure for `score`
-- ----------------------------
DROP TABLE IF EXISTS `score`;
CREATE TABLE `score` (
  `PROJECT_ID` tinyint(4) NOT NULL,
  `STU_ID` varchar(12) NOT NULL,
  `STU_SCORE` tinyint(4) DEFAULT NULL,
  `SCORE_TIME` datetime DEFAULT NULL,
  `STU_STATE` tinyint(4) NOT NULL DEFAULT '0',
  PRIMARY KEY (`PROJECT_ID`,`STU_ID`)
) ENGINE=InnoDB DEFAULT CHARSET=gbk;

-- ----------------------------
-- Records of score
-- ----------------------------
INSERT INTO `score` VALUES ('62', '16310121101', null, null, '0');
INSERT INTO `score` VALUES ('62', '16310121103', null, null, '0');
INSERT INTO `score` VALUES ('62', '16310121104', null, null, '0');
INSERT INTO `score` VALUES ('62', '16310121106', null, null, '0');
INSERT INTO `score` VALUES ('62', '16310121107', null, null, '0');
INSERT INTO `score` VALUES ('62', '16310121108', null, null, '0');
INSERT INTO `score` VALUES ('62', '16310121109', null, null, '0');
INSERT INTO `score` VALUES ('62', '16310121110', null, null, '0');
INSERT INTO `score` VALUES ('62', '16310121111', null, null, '0');
INSERT INTO `score` VALUES ('62', '16310121112', null, null, '0');
INSERT INTO `score` VALUES ('62', '16310121116', null, null, '0');
INSERT INTO `score` VALUES ('62', '16310121118', null, null, '0');
INSERT INTO `score` VALUES ('62', '16310121119', null, null, '0');
INSERT INTO `score` VALUES ('62', '16310121120', null, null, '0');
INSERT INTO `score` VALUES ('62', '16310121121', null, null, '0');
INSERT INTO `score` VALUES ('62', '16310121122', null, null, '0');
INSERT INTO `score` VALUES ('62', '16310121123', null, null, '0');
INSERT INTO `score` VALUES ('62', '16310121124', null, null, '0');
INSERT INTO `score` VALUES ('62', '16310121125', null, null, '0');
INSERT INTO `score` VALUES ('62', '16310121126', null, null, '0');
INSERT INTO `score` VALUES ('62', '16310121127', null, null, '0');
INSERT INTO `score` VALUES ('62', '16310121128', null, null, '0');
INSERT INTO `score` VALUES ('62', '16310121129', null, null, '0');
INSERT INTO `score` VALUES ('62', '16310121130', null, null, '0');
INSERT INTO `score` VALUES ('62', '16310121131', null, null, '0');
INSERT INTO `score` VALUES ('62', '16310121133', null, null, '0');
INSERT INTO `score` VALUES ('62', '16310121135', null, null, '0');
INSERT INTO `score` VALUES ('62', '16310121136', null, null, '0');
INSERT INTO `score` VALUES ('62', '16310121137', null, null, '0');
INSERT INTO `score` VALUES ('62', '16310121138', null, null, '0');
INSERT INTO `score` VALUES ('62', '16310121139', null, null, '0');
INSERT INTO `score` VALUES ('62', '16310121202', null, null, '0');
INSERT INTO `score` VALUES ('62', '16310121203', null, null, '0');
INSERT INTO `score` VALUES ('62', '16310121204', null, null, '0');
INSERT INTO `score` VALUES ('62', '16310121206', null, null, '0');
INSERT INTO `score` VALUES ('62', '16310121207', null, null, '0');
INSERT INTO `score` VALUES ('62', '16310121209', null, null, '0');
INSERT INTO `score` VALUES ('62', '16310121210', null, null, '0');
INSERT INTO `score` VALUES ('62', '16310121211', null, null, '0');
INSERT INTO `score` VALUES ('62', '16310121212', null, null, '0');
INSERT INTO `score` VALUES ('62', '16310121213', null, null, '0');
INSERT INTO `score` VALUES ('62', '16310121214', null, null, '0');
INSERT INTO `score` VALUES ('62', '16310121216', null, null, '0');
INSERT INTO `score` VALUES ('62', '16310121217', null, null, '0');
INSERT INTO `score` VALUES ('62', '16310121218', null, null, '0');
INSERT INTO `score` VALUES ('62', '16310121219', null, null, '0');
INSERT INTO `score` VALUES ('62', '16310121220', null, null, '0');
INSERT INTO `score` VALUES ('62', '16310121221', null, null, '0');
INSERT INTO `score` VALUES ('62', '16310121222', null, null, '0');
INSERT INTO `score` VALUES ('62', '16310121223', null, null, '0');
INSERT INTO `score` VALUES ('62', '16310121224', null, null, '0');
INSERT INTO `score` VALUES ('62', '16310121225', null, null, '0');
INSERT INTO `score` VALUES ('62', '16310121226', null, null, '0');
INSERT INTO `score` VALUES ('62', '16310121227', null, null, '0');
INSERT INTO `score` VALUES ('62', '16310121228', null, null, '0');
INSERT INTO `score` VALUES ('62', '16310121229', null, null, '0');
INSERT INTO `score` VALUES ('62', '16310121231', null, null, '0');
INSERT INTO `score` VALUES ('62', '16310121233', null, null, '0');
INSERT INTO `score` VALUES ('62', '16310121235', null, null, '0');
INSERT INTO `score` VALUES ('62', '16310121236', null, null, '0');
INSERT INTO `score` VALUES ('62', '16310121237', null, null, '0');
INSERT INTO `score` VALUES ('62', '16310121238', null, null, '0');
INSERT INTO `score` VALUES ('62', '16310121239', null, null, '0');
INSERT INTO `score` VALUES ('63', '16310121101', null, null, '0');
INSERT INTO `score` VALUES ('63', '16310121103', null, null, '0');
INSERT INTO `score` VALUES ('63', '16310121104', null, null, '0');
INSERT INTO `score` VALUES ('63', '16310121105', null, null, '0');
INSERT INTO `score` VALUES ('63', '16310121106', null, null, '0');
INSERT INTO `score` VALUES ('63', '16310121108', null, null, '0');
INSERT INTO `score` VALUES ('63', '16310121109', null, null, '0');
INSERT INTO `score` VALUES ('63', '16310121110', null, null, '0');
INSERT INTO `score` VALUES ('63', '16310121111', null, null, '0');
INSERT INTO `score` VALUES ('63', '16310121112', null, null, '0');
INSERT INTO `score` VALUES ('63', '16310121116', null, null, '0');
INSERT INTO `score` VALUES ('63', '16310121119', null, null, '0');
INSERT INTO `score` VALUES ('63', '16310121120', null, null, '0');
INSERT INTO `score` VALUES ('63', '16310121121', null, null, '0');
INSERT INTO `score` VALUES ('63', '16310121122', null, null, '0');
INSERT INTO `score` VALUES ('63', '16310121123', null, null, '0');
INSERT INTO `score` VALUES ('63', '16310121124', null, null, '0');
INSERT INTO `score` VALUES ('63', '16310121125', null, null, '0');
INSERT INTO `score` VALUES ('63', '16310121126', null, null, '0');
INSERT INTO `score` VALUES ('63', '16310121127', null, null, '0');
INSERT INTO `score` VALUES ('63', '16310121128', null, null, '0');
INSERT INTO `score` VALUES ('63', '16310121129', null, null, '0');
INSERT INTO `score` VALUES ('63', '16310121130', null, null, '0');
INSERT INTO `score` VALUES ('63', '16310121131', null, null, '0');
INSERT INTO `score` VALUES ('63', '16310121132', null, null, '0');
INSERT INTO `score` VALUES ('63', '16310121133', null, null, '0');
INSERT INTO `score` VALUES ('63', '16310121134', null, null, '0');
INSERT INTO `score` VALUES ('63', '16310121135', null, null, '0');
INSERT INTO `score` VALUES ('63', '16310121136', null, null, '0');
INSERT INTO `score` VALUES ('63', '16310121137', null, null, '0');
INSERT INTO `score` VALUES ('63', '16310121138', null, null, '0');
INSERT INTO `score` VALUES ('63', '16310121139', null, null, '0');
INSERT INTO `score` VALUES ('63', '16310121202', null, null, '0');
INSERT INTO `score` VALUES ('63', '16310121203', null, null, '0');
INSERT INTO `score` VALUES ('63', '16310121204', null, null, '0');
INSERT INTO `score` VALUES ('63', '16310121206', null, null, '0');
INSERT INTO `score` VALUES ('63', '16310121207', null, null, '0');
INSERT INTO `score` VALUES ('63', '16310121209', null, null, '0');
INSERT INTO `score` VALUES ('63', '16310121210', null, null, '0');
INSERT INTO `score` VALUES ('63', '16310121211', null, null, '0');
INSERT INTO `score` VALUES ('63', '16310121212', null, null, '0');
INSERT INTO `score` VALUES ('63', '16310121213', null, null, '0');
INSERT INTO `score` VALUES ('63', '16310121214', null, null, '0');
INSERT INTO `score` VALUES ('63', '16310121216', null, null, '0');
INSERT INTO `score` VALUES ('63', '16310121217', null, null, '0');
INSERT INTO `score` VALUES ('63', '16310121218', null, null, '0');
INSERT INTO `score` VALUES ('63', '16310121219', null, null, '0');
INSERT INTO `score` VALUES ('63', '16310121220', null, null, '0');
INSERT INTO `score` VALUES ('63', '16310121221', null, null, '0');
INSERT INTO `score` VALUES ('63', '16310121222', null, null, '0');
INSERT INTO `score` VALUES ('63', '16310121223', null, null, '0');
INSERT INTO `score` VALUES ('63', '16310121224', null, null, '0');
INSERT INTO `score` VALUES ('63', '16310121225', null, null, '0');
INSERT INTO `score` VALUES ('63', '16310121226', null, null, '0');
INSERT INTO `score` VALUES ('63', '16310121227', null, null, '0');
INSERT INTO `score` VALUES ('63', '16310121228', null, null, '0');
INSERT INTO `score` VALUES ('63', '16310121229', null, null, '0');
INSERT INTO `score` VALUES ('63', '16310121231', null, null, '0');
INSERT INTO `score` VALUES ('63', '16310121233', null, null, '0');
INSERT INTO `score` VALUES ('63', '16310121235', null, null, '0');
INSERT INTO `score` VALUES ('63', '16310121236', null, null, '0');
INSERT INTO `score` VALUES ('63', '16310121237', null, null, '0');
INSERT INTO `score` VALUES ('63', '16310121238', null, null, '0');
INSERT INTO `score` VALUES ('63', '16310121239', null, null, '0');
INSERT INTO `score` VALUES ('64', '16310121101', null, null, '0');
INSERT INTO `score` VALUES ('64', '16310121103', null, null, '0');
INSERT INTO `score` VALUES ('64', '16310121104', null, null, '0');
INSERT INTO `score` VALUES ('64', '16310121105', null, null, '0');
INSERT INTO `score` VALUES ('64', '16310121106', null, null, '0');
INSERT INTO `score` VALUES ('64', '16310121107', null, null, '0');
INSERT INTO `score` VALUES ('64', '16310121109', null, null, '0');
INSERT INTO `score` VALUES ('64', '16310121110', null, null, '0');
INSERT INTO `score` VALUES ('64', '16310121111', null, null, '0');
INSERT INTO `score` VALUES ('64', '16310121112', null, null, '0');
INSERT INTO `score` VALUES ('64', '16310121118', null, null, '0');
INSERT INTO `score` VALUES ('64', '16310121119', null, null, '0');
INSERT INTO `score` VALUES ('64', '16310121120', null, null, '0');
INSERT INTO `score` VALUES ('64', '16310121121', null, null, '0');
INSERT INTO `score` VALUES ('64', '16310121122', null, null, '0');
INSERT INTO `score` VALUES ('64', '16310121123', null, null, '0');
INSERT INTO `score` VALUES ('64', '16310121124', null, null, '0');
INSERT INTO `score` VALUES ('64', '16310121125', null, null, '0');
INSERT INTO `score` VALUES ('64', '16310121126', null, null, '0');
INSERT INTO `score` VALUES ('64', '16310121127', null, null, '0');
INSERT INTO `score` VALUES ('64', '16310121129', null, null, '0');
INSERT INTO `score` VALUES ('64', '16310121130', null, null, '0');
INSERT INTO `score` VALUES ('64', '16310121131', null, null, '0');
INSERT INTO `score` VALUES ('64', '16310121132', null, null, '0');
INSERT INTO `score` VALUES ('64', '16310121133', null, null, '0');
INSERT INTO `score` VALUES ('64', '16310121134', null, null, '0');
INSERT INTO `score` VALUES ('64', '16310121135', null, null, '0');
INSERT INTO `score` VALUES ('64', '16310121136', null, null, '0');
INSERT INTO `score` VALUES ('64', '16310121137', null, null, '0');
INSERT INTO `score` VALUES ('64', '16310121138', null, null, '0');
INSERT INTO `score` VALUES ('64', '16310121139', null, null, '0');
INSERT INTO `score` VALUES ('64', '16310121202', null, null, '0');
INSERT INTO `score` VALUES ('64', '16310121203', null, null, '0');
INSERT INTO `score` VALUES ('64', '16310121204', null, null, '0');
INSERT INTO `score` VALUES ('64', '16310121206', null, null, '0');
INSERT INTO `score` VALUES ('64', '16310121207', null, null, '0');
INSERT INTO `score` VALUES ('64', '16310121209', null, null, '0');
INSERT INTO `score` VALUES ('64', '16310121210', null, null, '0');
INSERT INTO `score` VALUES ('64', '16310121211', null, null, '0');
INSERT INTO `score` VALUES ('64', '16310121212', null, null, '0');
INSERT INTO `score` VALUES ('64', '16310121213', null, null, '0');
INSERT INTO `score` VALUES ('64', '16310121214', null, null, '0');
INSERT INTO `score` VALUES ('64', '16310121216', null, null, '0');
INSERT INTO `score` VALUES ('64', '16310121217', null, null, '0');
INSERT INTO `score` VALUES ('64', '16310121218', null, null, '0');
INSERT INTO `score` VALUES ('64', '16310121219', null, null, '0');
INSERT INTO `score` VALUES ('64', '16310121220', null, null, '0');
INSERT INTO `score` VALUES ('64', '16310121221', null, null, '0');
INSERT INTO `score` VALUES ('64', '16310121222', null, null, '0');
INSERT INTO `score` VALUES ('64', '16310121223', null, null, '0');
INSERT INTO `score` VALUES ('64', '16310121224', null, null, '0');
INSERT INTO `score` VALUES ('64', '16310121225', null, null, '0');
INSERT INTO `score` VALUES ('64', '16310121226', null, null, '0');
INSERT INTO `score` VALUES ('64', '16310121227', null, null, '0');
INSERT INTO `score` VALUES ('64', '16310121228', null, null, '0');
INSERT INTO `score` VALUES ('64', '16310121229', null, null, '0');
INSERT INTO `score` VALUES ('64', '16310121231', null, null, '0');
INSERT INTO `score` VALUES ('64', '16310121233', null, null, '0');
INSERT INTO `score` VALUES ('64', '16310121235', null, null, '0');
INSERT INTO `score` VALUES ('64', '16310121236', null, null, '0');
INSERT INTO `score` VALUES ('64', '16310121237', null, null, '0');
INSERT INTO `score` VALUES ('64', '16310121238', null, null, '0');
INSERT INTO `score` VALUES ('64', '16310121239', null, null, '0');
INSERT INTO `score` VALUES ('65', '16310121101', null, null, '0');
INSERT INTO `score` VALUES ('65', '16310121103', null, null, '0');
INSERT INTO `score` VALUES ('65', '16310121104', null, null, '0');
INSERT INTO `score` VALUES ('65', '16310121105', null, null, '0');
INSERT INTO `score` VALUES ('65', '16310121106', null, null, '0');
INSERT INTO `score` VALUES ('65', '16310121107', null, null, '0');
INSERT INTO `score` VALUES ('65', '16310121108', null, null, '0');
INSERT INTO `score` VALUES ('65', '16310121109', null, null, '0');
INSERT INTO `score` VALUES ('65', '16310121110', null, null, '0');
INSERT INTO `score` VALUES ('65', '16310121111', null, null, '0');
INSERT INTO `score` VALUES ('65', '16310121112', null, null, '0');
INSERT INTO `score` VALUES ('65', '16310121116', null, null, '0');
INSERT INTO `score` VALUES ('65', '16310121118', null, null, '0');
INSERT INTO `score` VALUES ('65', '16310121119', null, null, '0');
INSERT INTO `score` VALUES ('65', '16310121120', null, null, '0');
INSERT INTO `score` VALUES ('65', '16310121121', null, null, '0');
INSERT INTO `score` VALUES ('65', '16310121122', null, null, '0');
INSERT INTO `score` VALUES ('65', '16310121123', null, null, '0');
INSERT INTO `score` VALUES ('65', '16310121124', null, null, '0');
INSERT INTO `score` VALUES ('65', '16310121125', null, null, '0');
INSERT INTO `score` VALUES ('65', '16310121126', null, null, '0');
INSERT INTO `score` VALUES ('65', '16310121127', null, null, '0');
INSERT INTO `score` VALUES ('65', '16310121128', null, null, '0');
INSERT INTO `score` VALUES ('65', '16310121129', null, null, '0');
INSERT INTO `score` VALUES ('65', '16310121130', null, null, '0');
INSERT INTO `score` VALUES ('65', '16310121131', null, null, '0');
INSERT INTO `score` VALUES ('65', '16310121132', null, null, '0');
INSERT INTO `score` VALUES ('65', '16310121133', null, null, '0');
INSERT INTO `score` VALUES ('65', '16310121134', null, null, '0');
INSERT INTO `score` VALUES ('65', '16310121135', null, null, '0');
INSERT INTO `score` VALUES ('65', '16310121136', null, null, '0');
INSERT INTO `score` VALUES ('65', '16310121137', null, null, '0');
INSERT INTO `score` VALUES ('65', '16310121138', null, null, '0');
INSERT INTO `score` VALUES ('65', '16310121139', null, null, '0');
INSERT INTO `score` VALUES ('65', '16310121202', null, null, '0');
INSERT INTO `score` VALUES ('65', '16310121203', null, null, '0');
INSERT INTO `score` VALUES ('65', '16310121204', null, null, '0');
INSERT INTO `score` VALUES ('65', '16310121206', null, null, '0');
INSERT INTO `score` VALUES ('65', '16310121207', null, null, '0');
INSERT INTO `score` VALUES ('65', '16310121209', null, null, '0');
INSERT INTO `score` VALUES ('65', '16310121210', null, null, '0');
INSERT INTO `score` VALUES ('65', '16310121211', null, null, '0');
INSERT INTO `score` VALUES ('65', '16310121212', null, null, '0');
INSERT INTO `score` VALUES ('65', '16310121213', null, null, '0');
INSERT INTO `score` VALUES ('65', '16310121214', null, null, '0');
INSERT INTO `score` VALUES ('65', '16310121216', null, null, '0');
INSERT INTO `score` VALUES ('65', '16310121217', null, null, '0');
INSERT INTO `score` VALUES ('65', '16310121218', null, null, '0');
INSERT INTO `score` VALUES ('65', '16310121219', null, null, '0');
INSERT INTO `score` VALUES ('65', '16310121220', null, null, '0');
INSERT INTO `score` VALUES ('65', '16310121221', null, null, '0');
INSERT INTO `score` VALUES ('65', '16310121222', null, null, '0');
INSERT INTO `score` VALUES ('65', '16310121223', null, null, '0');
INSERT INTO `score` VALUES ('65', '16310121224', null, null, '0');
INSERT INTO `score` VALUES ('65', '16310121225', null, null, '0');
INSERT INTO `score` VALUES ('65', '16310121226', null, null, '0');
INSERT INTO `score` VALUES ('65', '16310121227', null, null, '0');
INSERT INTO `score` VALUES ('65', '16310121228', null, null, '0');
INSERT INTO `score` VALUES ('65', '16310121229', null, null, '0');
INSERT INTO `score` VALUES ('65', '16310121236', null, null, '0');
INSERT INTO `score` VALUES ('65', '16310121237', null, null, '0');
INSERT INTO `score` VALUES ('65', '16310121238', null, null, '0');
INSERT INTO `score` VALUES ('65', '16310121239', null, null, '0');
INSERT INTO `score` VALUES ('66', '16310121101', null, null, '0');
INSERT INTO `score` VALUES ('66', '16310121103', null, null, '0');
INSERT INTO `score` VALUES ('66', '16310121104', null, null, '0');
INSERT INTO `score` VALUES ('66', '16310121105', null, null, '0');
INSERT INTO `score` VALUES ('66', '16310121106', null, null, '0');
INSERT INTO `score` VALUES ('66', '16310121107', null, null, '0');
INSERT INTO `score` VALUES ('66', '16310121108', null, null, '0');
INSERT INTO `score` VALUES ('66', '16310121109', null, null, '0');
INSERT INTO `score` VALUES ('66', '16310121110', null, null, '0');
INSERT INTO `score` VALUES ('66', '16310121111', null, null, '0');
INSERT INTO `score` VALUES ('66', '16310121112', null, null, '0');
INSERT INTO `score` VALUES ('66', '16310121116', null, null, '0');
INSERT INTO `score` VALUES ('66', '16310121118', null, null, '0');
INSERT INTO `score` VALUES ('66', '16310121119', null, null, '0');
INSERT INTO `score` VALUES ('66', '16310121120', null, null, '0');
INSERT INTO `score` VALUES ('66', '16310121121', null, null, '0');
INSERT INTO `score` VALUES ('66', '16310121122', null, null, '0');
INSERT INTO `score` VALUES ('66', '16310121123', null, null, '0');
INSERT INTO `score` VALUES ('66', '16310121124', null, null, '0');
INSERT INTO `score` VALUES ('66', '16310121125', null, null, '0');
INSERT INTO `score` VALUES ('66', '16310121128', null, null, '0');
INSERT INTO `score` VALUES ('66', '16310121130', null, null, '0');
INSERT INTO `score` VALUES ('66', '16310121131', null, null, '0');
INSERT INTO `score` VALUES ('66', '16310121132', null, null, '0');
INSERT INTO `score` VALUES ('66', '16310121133', null, null, '0');
INSERT INTO `score` VALUES ('66', '16310121134', null, null, '0');
INSERT INTO `score` VALUES ('66', '16310121135', null, null, '0');
INSERT INTO `score` VALUES ('66', '16310121136', null, null, '0');
INSERT INTO `score` VALUES ('66', '16310121137', null, null, '0');
INSERT INTO `score` VALUES ('66', '16310121138', null, null, '0');
INSERT INTO `score` VALUES ('66', '16310121139', null, null, '0');
INSERT INTO `score` VALUES ('66', '16310121202', null, null, '0');
INSERT INTO `score` VALUES ('66', '16310121203', null, null, '0');
INSERT INTO `score` VALUES ('66', '16310121204', null, null, '0');
INSERT INTO `score` VALUES ('66', '16310121206', null, null, '0');
INSERT INTO `score` VALUES ('66', '16310121207', null, null, '0');
INSERT INTO `score` VALUES ('66', '16310121209', null, null, '0');
INSERT INTO `score` VALUES ('66', '16310121210', null, null, '0');
INSERT INTO `score` VALUES ('66', '16310121211', null, null, '0');
INSERT INTO `score` VALUES ('66', '16310121212', null, null, '0');
INSERT INTO `score` VALUES ('66', '16310121213', null, null, '0');
INSERT INTO `score` VALUES ('66', '16310121214', null, null, '0');
INSERT INTO `score` VALUES ('66', '16310121216', null, null, '0');
INSERT INTO `score` VALUES ('66', '16310121217', null, null, '0');
INSERT INTO `score` VALUES ('66', '16310121218', null, null, '0');
INSERT INTO `score` VALUES ('66', '16310121219', null, null, '0');
INSERT INTO `score` VALUES ('66', '16310121220', null, null, '0');
INSERT INTO `score` VALUES ('66', '16310121221', null, null, '0');
INSERT INTO `score` VALUES ('66', '16310121222', null, null, '0');
INSERT INTO `score` VALUES ('66', '16310121223', null, null, '0');
INSERT INTO `score` VALUES ('66', '16310121224', null, null, '0');
INSERT INTO `score` VALUES ('66', '16310121225', null, null, '0');
INSERT INTO `score` VALUES ('66', '16310121226', null, null, '0');
INSERT INTO `score` VALUES ('66', '16310121227', null, null, '0');
INSERT INTO `score` VALUES ('66', '16310121228', null, null, '0');
INSERT INTO `score` VALUES ('66', '16310121229', null, null, '0');
INSERT INTO `score` VALUES ('66', '16310121231', null, null, '0');
INSERT INTO `score` VALUES ('66', '16310121233', null, null, '0');
INSERT INTO `score` VALUES ('66', '16310121235', null, null, '0');
INSERT INTO `score` VALUES ('66', '16310121236', null, null, '0');
INSERT INTO `score` VALUES ('66', '16310121237', null, null, '0');
INSERT INTO `score` VALUES ('66', '16310121238', null, null, '0');
INSERT INTO `score` VALUES ('66', '16310121239', null, null, '0');
INSERT INTO `score` VALUES ('67', '16310121101', null, null, '0');
INSERT INTO `score` VALUES ('67', '16310121103', null, null, '0');
INSERT INTO `score` VALUES ('67', '16310121104', null, null, '0');
INSERT INTO `score` VALUES ('67', '16310121105', null, null, '0');
INSERT INTO `score` VALUES ('67', '16310121106', null, null, '0');
INSERT INTO `score` VALUES ('67', '16310121107', null, null, '0');
INSERT INTO `score` VALUES ('67', '16310121108', null, null, '0');
INSERT INTO `score` VALUES ('67', '16310121111', null, null, '0');
INSERT INTO `score` VALUES ('67', '16310121116', null, null, '0');
INSERT INTO `score` VALUES ('67', '16310121118', null, null, '0');
INSERT INTO `score` VALUES ('67', '16310121119', null, null, '0');
INSERT INTO `score` VALUES ('67', '16310121120', null, null, '0');
INSERT INTO `score` VALUES ('67', '16310121121', null, null, '0');
INSERT INTO `score` VALUES ('67', '16310121122', null, null, '0');
INSERT INTO `score` VALUES ('67', '16310121123', null, null, '0');
INSERT INTO `score` VALUES ('67', '16310121124', null, null, '0');
INSERT INTO `score` VALUES ('67', '16310121125', null, null, '0');
INSERT INTO `score` VALUES ('67', '16310121126', null, null, '0');
INSERT INTO `score` VALUES ('67', '16310121127', null, null, '0');
INSERT INTO `score` VALUES ('67', '16310121128', null, null, '0');
INSERT INTO `score` VALUES ('67', '16310121129', null, null, '0');
INSERT INTO `score` VALUES ('67', '16310121130', null, null, '0');
INSERT INTO `score` VALUES ('67', '16310121131', null, null, '0');
INSERT INTO `score` VALUES ('67', '16310121132', null, null, '0');
INSERT INTO `score` VALUES ('67', '16310121133', null, null, '0');
INSERT INTO `score` VALUES ('67', '16310121134', null, null, '0');
INSERT INTO `score` VALUES ('67', '16310121135', null, null, '0');
INSERT INTO `score` VALUES ('67', '16310121136', null, null, '0');
INSERT INTO `score` VALUES ('67', '16310121137', null, null, '0');
INSERT INTO `score` VALUES ('67', '16310121138', null, null, '0');
INSERT INTO `score` VALUES ('67', '16310121139', null, null, '0');
INSERT INTO `score` VALUES ('67', '16310121202', null, null, '0');
INSERT INTO `score` VALUES ('67', '16310121203', null, null, '0');
INSERT INTO `score` VALUES ('67', '16310121204', null, null, '0');
INSERT INTO `score` VALUES ('67', '16310121206', null, null, '0');
INSERT INTO `score` VALUES ('67', '16310121207', null, null, '0');
INSERT INTO `score` VALUES ('67', '16310121209', null, null, '0');
INSERT INTO `score` VALUES ('67', '16310121210', null, null, '0');
INSERT INTO `score` VALUES ('67', '16310121211', null, null, '0');
INSERT INTO `score` VALUES ('67', '16310121212', null, null, '0');
INSERT INTO `score` VALUES ('67', '16310121213', null, null, '0');
INSERT INTO `score` VALUES ('67', '16310121214', null, null, '0');
INSERT INTO `score` VALUES ('67', '16310121216', null, null, '0');
INSERT INTO `score` VALUES ('67', '16310121217', null, null, '0');
INSERT INTO `score` VALUES ('67', '16310121218', null, null, '0');
INSERT INTO `score` VALUES ('67', '16310121219', null, null, '0');
INSERT INTO `score` VALUES ('67', '16310121220', null, null, '0');
INSERT INTO `score` VALUES ('67', '16310121221', null, null, '0');
INSERT INTO `score` VALUES ('67', '16310121222', null, null, '0');
INSERT INTO `score` VALUES ('67', '16310121223', null, null, '0');
INSERT INTO `score` VALUES ('67', '16310121224', null, null, '0');
INSERT INTO `score` VALUES ('67', '16310121225', null, null, '0');
INSERT INTO `score` VALUES ('67', '16310121226', null, null, '0');
INSERT INTO `score` VALUES ('67', '16310121227', null, null, '0');
INSERT INTO `score` VALUES ('67', '16310121228', null, null, '0');
INSERT INTO `score` VALUES ('67', '16310121229', null, null, '0');
INSERT INTO `score` VALUES ('67', '16310121231', null, null, '0');
INSERT INTO `score` VALUES ('67', '16310121233', null, null, '0');
INSERT INTO `score` VALUES ('67', '16310121235', null, null, '0');
INSERT INTO `score` VALUES ('67', '16310121236', null, null, '0');
INSERT INTO `score` VALUES ('67', '16310121237', null, null, '0');
INSERT INTO `score` VALUES ('67', '16310121238', null, null, '0');
INSERT INTO `score` VALUES ('67', '16310121239', null, null, '0');
INSERT INTO `score` VALUES ('68', '16310121101', null, null, '0');
INSERT INTO `score` VALUES ('68', '16310121103', null, null, '0');
INSERT INTO `score` VALUES ('68', '16310121104', null, null, '0');
INSERT INTO `score` VALUES ('68', '16310121105', null, null, '0');
INSERT INTO `score` VALUES ('68', '16310121106', null, null, '0');
INSERT INTO `score` VALUES ('68', '16310121107', null, null, '0');
INSERT INTO `score` VALUES ('68', '16310121108', null, null, '0');
INSERT INTO `score` VALUES ('68', '16310121109', null, null, '0');
INSERT INTO `score` VALUES ('68', '16310121110', null, null, '0');
INSERT INTO `score` VALUES ('68', '16310121111', null, null, '0');
INSERT INTO `score` VALUES ('68', '16310121112', null, null, '0');
INSERT INTO `score` VALUES ('68', '16310121116', null, null, '0');
INSERT INTO `score` VALUES ('68', '16310121118', null, null, '0');
INSERT INTO `score` VALUES ('68', '16310121119', null, null, '0');
INSERT INTO `score` VALUES ('68', '16310121120', null, null, '0');
INSERT INTO `score` VALUES ('68', '16310121121', null, null, '0');
INSERT INTO `score` VALUES ('68', '16310121122', null, null, '0');
INSERT INTO `score` VALUES ('68', '16310121123', null, null, '0');
INSERT INTO `score` VALUES ('68', '16310121124', null, null, '0');
INSERT INTO `score` VALUES ('68', '16310121125', null, null, '0');
INSERT INTO `score` VALUES ('68', '16310121126', null, null, '0');
INSERT INTO `score` VALUES ('68', '16310121127', null, null, '0');
INSERT INTO `score` VALUES ('68', '16310121128', null, null, '0');
INSERT INTO `score` VALUES ('68', '16310121129', null, null, '0');
INSERT INTO `score` VALUES ('68', '16310121130', null, null, '0');
INSERT INTO `score` VALUES ('68', '16310121131', null, null, '0');
INSERT INTO `score` VALUES ('68', '16310121132', null, null, '0');
INSERT INTO `score` VALUES ('68', '16310121133', null, null, '0');
INSERT INTO `score` VALUES ('68', '16310121134', null, null, '0');
INSERT INTO `score` VALUES ('68', '16310121135', null, null, '0');
INSERT INTO `score` VALUES ('68', '16310121136', null, null, '0');
INSERT INTO `score` VALUES ('68', '16310121137', null, null, '0');
INSERT INTO `score` VALUES ('68', '16310121138', null, null, '0');
INSERT INTO `score` VALUES ('68', '16310121139', null, null, '0');
INSERT INTO `score` VALUES ('68', '16310121203', null, null, '0');
INSERT INTO `score` VALUES ('68', '16310121204', null, null, '0');
INSERT INTO `score` VALUES ('68', '16310121206', null, null, '0');
INSERT INTO `score` VALUES ('68', '16310121207', null, null, '0');
INSERT INTO `score` VALUES ('68', '16310121209', null, null, '0');
INSERT INTO `score` VALUES ('68', '16310121210', null, null, '0');
INSERT INTO `score` VALUES ('68', '16310121211', null, null, '0');
INSERT INTO `score` VALUES ('68', '16310121212', null, null, '0');
INSERT INTO `score` VALUES ('68', '16310121213', null, null, '0');
INSERT INTO `score` VALUES ('68', '16310121214', null, null, '0');
INSERT INTO `score` VALUES ('68', '16310121216', null, null, '0');
INSERT INTO `score` VALUES ('68', '16310121217', null, null, '0');
INSERT INTO `score` VALUES ('68', '16310121219', null, null, '0');
INSERT INTO `score` VALUES ('68', '16310121220', null, null, '0');
INSERT INTO `score` VALUES ('68', '16310121221', null, null, '0');
INSERT INTO `score` VALUES ('68', '16310121222', null, null, '0');
INSERT INTO `score` VALUES ('68', '16310121223', null, null, '0');
INSERT INTO `score` VALUES ('68', '16310121224', null, null, '0');
INSERT INTO `score` VALUES ('68', '16310121225', null, null, '0');
INSERT INTO `score` VALUES ('68', '16310121226', null, null, '0');
INSERT INTO `score` VALUES ('68', '16310121227', null, null, '0');
INSERT INTO `score` VALUES ('68', '16310121228', null, null, '0');
INSERT INTO `score` VALUES ('68', '16310121229', null, null, '0');
INSERT INTO `score` VALUES ('68', '16310121231', null, null, '0');
INSERT INTO `score` VALUES ('68', '16310121233', null, null, '0');
INSERT INTO `score` VALUES ('68', '16310121235', null, null, '0');
INSERT INTO `score` VALUES ('68', '16310121236', null, null, '0');
INSERT INTO `score` VALUES ('68', '16310121237', null, null, '0');
INSERT INTO `score` VALUES ('68', '16310121239', null, null, '0');
INSERT INTO `score` VALUES ('69', '16310121101', null, null, '0');
INSERT INTO `score` VALUES ('69', '16310121103', null, null, '0');
INSERT INTO `score` VALUES ('69', '16310121104', null, null, '0');
INSERT INTO `score` VALUES ('69', '16310121105', null, null, '0');
INSERT INTO `score` VALUES ('69', '16310121106', null, null, '0');
INSERT INTO `score` VALUES ('69', '16310121107', null, null, '0');
INSERT INTO `score` VALUES ('69', '16310121108', null, null, '0');
INSERT INTO `score` VALUES ('69', '16310121109', null, null, '0');
INSERT INTO `score` VALUES ('69', '16310121110', null, null, '0');
INSERT INTO `score` VALUES ('69', '16310121111', null, null, '0');
INSERT INTO `score` VALUES ('69', '16310121112', null, null, '0');
INSERT INTO `score` VALUES ('69', '16310121116', null, null, '0');
INSERT INTO `score` VALUES ('69', '16310121118', null, null, '0');
INSERT INTO `score` VALUES ('69', '16310121122', null, null, '0');
INSERT INTO `score` VALUES ('69', '16310121123', null, null, '0');
INSERT INTO `score` VALUES ('69', '16310121124', null, null, '0');
INSERT INTO `score` VALUES ('69', '16310121125', null, null, '0');
INSERT INTO `score` VALUES ('69', '16310121126', null, null, '0');
INSERT INTO `score` VALUES ('69', '16310121127', null, null, '0');
INSERT INTO `score` VALUES ('69', '16310121128', null, null, '0');
INSERT INTO `score` VALUES ('69', '16310121129', null, null, '0');
INSERT INTO `score` VALUES ('69', '16310121130', null, null, '0');
INSERT INTO `score` VALUES ('69', '16310121131', null, null, '0');
INSERT INTO `score` VALUES ('69', '16310121132', null, null, '0');
INSERT INTO `score` VALUES ('69', '16310121133', null, null, '0');
INSERT INTO `score` VALUES ('69', '16310121134', null, null, '0');
INSERT INTO `score` VALUES ('69', '16310121135', null, null, '0');
INSERT INTO `score` VALUES ('69', '16310121136', null, null, '0');
INSERT INTO `score` VALUES ('69', '16310121137', null, null, '0');
INSERT INTO `score` VALUES ('69', '16310121138', null, null, '0');
INSERT INTO `score` VALUES ('69', '16310121139', null, null, '0');
INSERT INTO `score` VALUES ('69', '16310121202', null, null, '0');
INSERT INTO `score` VALUES ('69', '16310121203', null, null, '0');
INSERT INTO `score` VALUES ('69', '16310121204', null, null, '0');
INSERT INTO `score` VALUES ('69', '16310121206', null, null, '0');
INSERT INTO `score` VALUES ('69', '16310121207', null, null, '0');
INSERT INTO `score` VALUES ('69', '16310121209', null, null, '0');
INSERT INTO `score` VALUES ('69', '16310121210', null, null, '0');
INSERT INTO `score` VALUES ('69', '16310121211', null, null, '0');
INSERT INTO `score` VALUES ('69', '16310121212', null, null, '0');
INSERT INTO `score` VALUES ('69', '16310121213', null, null, '0');
INSERT INTO `score` VALUES ('69', '16310121214', null, null, '0');
INSERT INTO `score` VALUES ('69', '16310121216', null, null, '0');
INSERT INTO `score` VALUES ('69', '16310121217', null, null, '0');
INSERT INTO `score` VALUES ('69', '16310121218', null, null, '0');
INSERT INTO `score` VALUES ('69', '16310121219', null, null, '0');
INSERT INTO `score` VALUES ('69', '16310121220', null, null, '0');
INSERT INTO `score` VALUES ('69', '16310121221', null, null, '0');
INSERT INTO `score` VALUES ('69', '16310121222', null, null, '0');
INSERT INTO `score` VALUES ('69', '16310121223', null, null, '0');
INSERT INTO `score` VALUES ('69', '16310121224', null, null, '0');
INSERT INTO `score` VALUES ('69', '16310121225', null, null, '0');
INSERT INTO `score` VALUES ('69', '16310121226', null, null, '0');
INSERT INTO `score` VALUES ('69', '16310121227', null, null, '0');
INSERT INTO `score` VALUES ('69', '16310121228', null, null, '0');
INSERT INTO `score` VALUES ('69', '16310121229', null, null, '0');
INSERT INTO `score` VALUES ('69', '16310121231', null, null, '0');
INSERT INTO `score` VALUES ('69', '16310121233', null, null, '0');
INSERT INTO `score` VALUES ('69', '16310121235', null, null, '0');
INSERT INTO `score` VALUES ('69', '16310121236', null, null, '0');
INSERT INTO `score` VALUES ('69', '16310121237', null, null, '0');
INSERT INTO `score` VALUES ('69', '16310121238', null, null, '0');
INSERT INTO `score` VALUES ('69', '16310121239', null, null, '0');
INSERT INTO `score` VALUES ('70', '16310121101', null, null, '0');
INSERT INTO `score` VALUES ('70', '16310121103', null, null, '0');
INSERT INTO `score` VALUES ('70', '16310121104', null, null, '0');
INSERT INTO `score` VALUES ('70', '16310121105', null, null, '0');
INSERT INTO `score` VALUES ('70', '16310121106', null, null, '0');
INSERT INTO `score` VALUES ('70', '16310121107', null, null, '0');
INSERT INTO `score` VALUES ('70', '16310121108', null, null, '0');
INSERT INTO `score` VALUES ('70', '16310121109', null, null, '0');
INSERT INTO `score` VALUES ('70', '16310121110', null, null, '0');
INSERT INTO `score` VALUES ('70', '16310121111', null, null, '0');
INSERT INTO `score` VALUES ('70', '16310121112', null, null, '0');
INSERT INTO `score` VALUES ('70', '16310121116', null, null, '0');
INSERT INTO `score` VALUES ('70', '16310121118', null, null, '0');
INSERT INTO `score` VALUES ('70', '16310121119', null, null, '0');
INSERT INTO `score` VALUES ('70', '16310121120', null, null, '0');
INSERT INTO `score` VALUES ('70', '16310121121', null, null, '0');
INSERT INTO `score` VALUES ('70', '16310121122', null, null, '0');
INSERT INTO `score` VALUES ('70', '16310121123', null, null, '0');
INSERT INTO `score` VALUES ('70', '16310121124', null, null, '0');
INSERT INTO `score` VALUES ('70', '16310121125', null, null, '0');
INSERT INTO `score` VALUES ('70', '16310121126', null, null, '0');
INSERT INTO `score` VALUES ('70', '16310121127', null, null, '0');
INSERT INTO `score` VALUES ('70', '16310121128', null, null, '0');
INSERT INTO `score` VALUES ('70', '16310121129', null, null, '0');
INSERT INTO `score` VALUES ('70', '16310121130', null, null, '0');
INSERT INTO `score` VALUES ('70', '16310121131', null, null, '0');
INSERT INTO `score` VALUES ('70', '16310121132', null, null, '0');
INSERT INTO `score` VALUES ('70', '16310121133', null, null, '0');
INSERT INTO `score` VALUES ('70', '16310121134', null, null, '0');
INSERT INTO `score` VALUES ('70', '16310121135', null, null, '0');
INSERT INTO `score` VALUES ('70', '16310121136', null, null, '0');
INSERT INTO `score` VALUES ('70', '16310121137', null, null, '0');
INSERT INTO `score` VALUES ('70', '16310121138', null, null, '0');
INSERT INTO `score` VALUES ('70', '16310121139', null, null, '0');
INSERT INTO `score` VALUES ('70', '16310121202', null, null, '0');
INSERT INTO `score` VALUES ('70', '16310121203', null, null, '0');
INSERT INTO `score` VALUES ('70', '16310121204', null, null, '0');
INSERT INTO `score` VALUES ('70', '16310121206', null, null, '0');
INSERT INTO `score` VALUES ('70', '16310121207', null, null, '0');
INSERT INTO `score` VALUES ('70', '16310121209', null, null, '0');
INSERT INTO `score` VALUES ('70', '16310121210', null, null, '0');
INSERT INTO `score` VALUES ('70', '16310121211', null, null, '0');
INSERT INTO `score` VALUES ('70', '16310121212', null, null, '0');
INSERT INTO `score` VALUES ('70', '16310121213', null, null, '0');
INSERT INTO `score` VALUES ('70', '16310121214', null, null, '0');
INSERT INTO `score` VALUES ('70', '16310121216', null, null, '0');
INSERT INTO `score` VALUES ('70', '16310121217', null, null, '0');
INSERT INTO `score` VALUES ('70', '16310121218', null, null, '0');
INSERT INTO `score` VALUES ('70', '16310121219', null, null, '0');
INSERT INTO `score` VALUES ('70', '16310121220', null, null, '0');
INSERT INTO `score` VALUES ('70', '16310121224', null, null, '0');
INSERT INTO `score` VALUES ('70', '16310121225', null, null, '0');
INSERT INTO `score` VALUES ('70', '16310121226', null, null, '0');
INSERT INTO `score` VALUES ('70', '16310121227', null, null, '0');
INSERT INTO `score` VALUES ('70', '16310121228', null, null, '0');
INSERT INTO `score` VALUES ('70', '16310121229', null, null, '0');
INSERT INTO `score` VALUES ('70', '16310121231', null, null, '0');
INSERT INTO `score` VALUES ('70', '16310121233', null, null, '0');
INSERT INTO `score` VALUES ('70', '16310121235', null, null, '0');
INSERT INTO `score` VALUES ('70', '16310121236', null, null, '0');
INSERT INTO `score` VALUES ('70', '16310121237', null, null, '0');
INSERT INTO `score` VALUES ('70', '16310121238', null, null, '0');
INSERT INTO `score` VALUES ('70', '16310121239', null, null, '0');
INSERT INTO `score` VALUES ('71', '16310121101', null, null, '0');
INSERT INTO `score` VALUES ('71', '16310121103', null, null, '0');
INSERT INTO `score` VALUES ('71', '16310121104', null, null, '0');
INSERT INTO `score` VALUES ('71', '16310121105', null, null, '0');
INSERT INTO `score` VALUES ('71', '16310121106', null, null, '0');
INSERT INTO `score` VALUES ('71', '16310121107', null, null, '0');
INSERT INTO `score` VALUES ('71', '16310121108', null, null, '0');
INSERT INTO `score` VALUES ('71', '16310121109', null, null, '0');
INSERT INTO `score` VALUES ('71', '16310121110', null, null, '0');
INSERT INTO `score` VALUES ('71', '16310121111', null, null, '0');
INSERT INTO `score` VALUES ('71', '16310121112', null, null, '0');
INSERT INTO `score` VALUES ('71', '16310121116', null, null, '0');
INSERT INTO `score` VALUES ('71', '16310121118', null, null, '0');
INSERT INTO `score` VALUES ('71', '16310121119', null, null, '0');
INSERT INTO `score` VALUES ('71', '16310121120', null, null, '0');
INSERT INTO `score` VALUES ('71', '16310121121', null, null, '0');
INSERT INTO `score` VALUES ('71', '16310121122', null, null, '0');
INSERT INTO `score` VALUES ('71', '16310121123', null, null, '0');
INSERT INTO `score` VALUES ('71', '16310121124', null, null, '0');
INSERT INTO `score` VALUES ('71', '16310121125', null, null, '0');
INSERT INTO `score` VALUES ('71', '16310121126', null, null, '0');
INSERT INTO `score` VALUES ('71', '16310121127', null, null, '0');
INSERT INTO `score` VALUES ('71', '16310121128', null, null, '0');
INSERT INTO `score` VALUES ('71', '16310121129', null, null, '0');
INSERT INTO `score` VALUES ('71', '16310121130', null, null, '0');
INSERT INTO `score` VALUES ('71', '16310121131', null, null, '0');
INSERT INTO `score` VALUES ('71', '16310121132', null, null, '0');
INSERT INTO `score` VALUES ('71', '16310121133', null, null, '0');
INSERT INTO `score` VALUES ('71', '16310121134', null, null, '0');
INSERT INTO `score` VALUES ('71', '16310121135', null, null, '0');
INSERT INTO `score` VALUES ('71', '16310121136', null, null, '0');
INSERT INTO `score` VALUES ('71', '16310121137', null, null, '0');
INSERT INTO `score` VALUES ('71', '16310121138', null, null, '0');
INSERT INTO `score` VALUES ('71', '16310121139', null, null, '0');
INSERT INTO `score` VALUES ('71', '16310121202', null, null, '0');
INSERT INTO `score` VALUES ('71', '16310121203', null, null, '0');
INSERT INTO `score` VALUES ('71', '16310121204', null, null, '0');
INSERT INTO `score` VALUES ('71', '16310121206', null, null, '0');
INSERT INTO `score` VALUES ('71', '16310121207', null, null, '0');
INSERT INTO `score` VALUES ('71', '16310121209', null, null, '0');
INSERT INTO `score` VALUES ('71', '16310121210', null, null, '0');
INSERT INTO `score` VALUES ('71', '16310121211', null, null, '0');
INSERT INTO `score` VALUES ('71', '16310121212', null, null, '0');
INSERT INTO `score` VALUES ('71', '16310121213', null, null, '0');
INSERT INTO `score` VALUES ('71', '16310121214', null, null, '0');
INSERT INTO `score` VALUES ('71', '16310121216', null, null, '0');
INSERT INTO `score` VALUES ('71', '16310121217', null, null, '0');
INSERT INTO `score` VALUES ('71', '16310121218', null, null, '0');
INSERT INTO `score` VALUES ('71', '16310121219', null, null, '0');
INSERT INTO `score` VALUES ('71', '16310121220', null, null, '0');
INSERT INTO `score` VALUES ('71', '16310121221', null, null, '0');
INSERT INTO `score` VALUES ('71', '16310121222', null, null, '0');
INSERT INTO `score` VALUES ('71', '16310121223', null, null, '0');
INSERT INTO `score` VALUES ('71', '16310121227', null, null, '0');
INSERT INTO `score` VALUES ('71', '16310121228', null, null, '0');
INSERT INTO `score` VALUES ('71', '16310121229', null, null, '0');
INSERT INTO `score` VALUES ('71', '16310121231', null, null, '0');
INSERT INTO `score` VALUES ('71', '16310121233', null, null, '0');
INSERT INTO `score` VALUES ('71', '16310121235', null, null, '0');
INSERT INTO `score` VALUES ('71', '16310121236', null, null, '0');
INSERT INTO `score` VALUES ('71', '16310121237', null, null, '0');
INSERT INTO `score` VALUES ('71', '16310121238', null, null, '0');
INSERT INTO `score` VALUES ('71', '16310121239', null, null, '0');
INSERT INTO `score` VALUES ('72', '16310121101', null, null, '0');
INSERT INTO `score` VALUES ('72', '16310121103', null, null, '0');
INSERT INTO `score` VALUES ('72', '16310121104', null, null, '0');
INSERT INTO `score` VALUES ('72', '16310121105', null, null, '0');
INSERT INTO `score` VALUES ('72', '16310121106', null, null, '0');
INSERT INTO `score` VALUES ('72', '16310121107', null, null, '0');
INSERT INTO `score` VALUES ('72', '16310121108', null, null, '0');
INSERT INTO `score` VALUES ('72', '16310121109', null, null, '0');
INSERT INTO `score` VALUES ('72', '16310121110', null, null, '0');
INSERT INTO `score` VALUES ('72', '16310121111', null, null, '0');
INSERT INTO `score` VALUES ('72', '16310121112', null, null, '0');
INSERT INTO `score` VALUES ('72', '16310121116', null, null, '0');
INSERT INTO `score` VALUES ('72', '16310121118', null, null, '0');
INSERT INTO `score` VALUES ('72', '16310121119', null, null, '0');
INSERT INTO `score` VALUES ('72', '16310121120', null, null, '0');
INSERT INTO `score` VALUES ('72', '16310121121', null, null, '0');
INSERT INTO `score` VALUES ('72', '16310121122', null, null, '0');
INSERT INTO `score` VALUES ('72', '16310121123', null, null, '0');
INSERT INTO `score` VALUES ('72', '16310121124', null, null, '0');
INSERT INTO `score` VALUES ('72', '16310121125', null, null, '0');
INSERT INTO `score` VALUES ('72', '16310121126', null, null, '0');
INSERT INTO `score` VALUES ('72', '16310121127', null, null, '0');
INSERT INTO `score` VALUES ('72', '16310121128', null, null, '0');
INSERT INTO `score` VALUES ('72', '16310121129', null, null, '0');
INSERT INTO `score` VALUES ('72', '16310121130', null, null, '0');
INSERT INTO `score` VALUES ('72', '16310121132', null, null, '0');
INSERT INTO `score` VALUES ('72', '16310121133', null, null, '0');
INSERT INTO `score` VALUES ('72', '16310121134', null, null, '0');
INSERT INTO `score` VALUES ('72', '16310121136', null, null, '0');
INSERT INTO `score` VALUES ('72', '16310121138', null, null, '0');
INSERT INTO `score` VALUES ('72', '16310121139', null, null, '0');
INSERT INTO `score` VALUES ('72', '16310121202', null, null, '0');
INSERT INTO `score` VALUES ('72', '16310121203', null, null, '0');
INSERT INTO `score` VALUES ('72', '16310121204', null, null, '0');
INSERT INTO `score` VALUES ('72', '16310121206', null, null, '0');
INSERT INTO `score` VALUES ('72', '16310121207', null, null, '0');
INSERT INTO `score` VALUES ('72', '16310121209', null, null, '0');
INSERT INTO `score` VALUES ('72', '16310121210', null, null, '0');
INSERT INTO `score` VALUES ('72', '16310121211', null, null, '0');
INSERT INTO `score` VALUES ('72', '16310121212', null, null, '0');
INSERT INTO `score` VALUES ('72', '16310121213', null, null, '0');
INSERT INTO `score` VALUES ('72', '16310121214', null, null, '0');
INSERT INTO `score` VALUES ('72', '16310121216', null, null, '0');
INSERT INTO `score` VALUES ('72', '16310121217', null, null, '0');
INSERT INTO `score` VALUES ('72', '16310121218', null, null, '0');
INSERT INTO `score` VALUES ('72', '16310121219', null, null, '0');
INSERT INTO `score` VALUES ('72', '16310121220', null, null, '0');
INSERT INTO `score` VALUES ('72', '16310121221', null, null, '0');
INSERT INTO `score` VALUES ('72', '16310121222', null, null, '0');
INSERT INTO `score` VALUES ('72', '16310121223', null, null, '0');
INSERT INTO `score` VALUES ('72', '16310121224', null, null, '0');
INSERT INTO `score` VALUES ('72', '16310121225', null, null, '0');
INSERT INTO `score` VALUES ('72', '16310121226', null, null, '0');
INSERT INTO `score` VALUES ('72', '16310121227', null, null, '0');
INSERT INTO `score` VALUES ('72', '16310121228', null, null, '0');
INSERT INTO `score` VALUES ('72', '16310121229', null, null, '0');
INSERT INTO `score` VALUES ('72', '16310121231', null, null, '0');
INSERT INTO `score` VALUES ('72', '16310121233', null, null, '0');
INSERT INTO `score` VALUES ('72', '16310121235', null, null, '0');
INSERT INTO `score` VALUES ('72', '16310121236', null, null, '0');
INSERT INTO `score` VALUES ('72', '16310121237', null, null, '0');
INSERT INTO `score` VALUES ('72', '16310121238', null, null, '0');
INSERT INTO `score` VALUES ('72', '16310121239', null, null, '0');
INSERT INTO `score` VALUES ('73', '16310121101', null, null, '0');
INSERT INTO `score` VALUES ('73', '16310121105', null, null, '0');
INSERT INTO `score` VALUES ('73', '16310121106', null, null, '0');
INSERT INTO `score` VALUES ('73', '16310121107', null, null, '0');
INSERT INTO `score` VALUES ('73', '16310121108', null, null, '0');
INSERT INTO `score` VALUES ('73', '16310121109', null, null, '0');
INSERT INTO `score` VALUES ('73', '16310121110', null, null, '0');
INSERT INTO `score` VALUES ('73', '16310121111', null, null, '0');
INSERT INTO `score` VALUES ('73', '16310121112', null, null, '0');
INSERT INTO `score` VALUES ('73', '16310121116', null, null, '0');
INSERT INTO `score` VALUES ('73', '16310121118', null, null, '0');
INSERT INTO `score` VALUES ('73', '16310121119', null, null, '0');
INSERT INTO `score` VALUES ('73', '16310121120', null, null, '0');
INSERT INTO `score` VALUES ('73', '16310121121', null, null, '0');
INSERT INTO `score` VALUES ('73', '16310121122', null, null, '0');
INSERT INTO `score` VALUES ('73', '16310121123', null, null, '0');
INSERT INTO `score` VALUES ('73', '16310121124', null, null, '0');
INSERT INTO `score` VALUES ('73', '16310121125', null, null, '0');
INSERT INTO `score` VALUES ('73', '16310121126', null, null, '0');
INSERT INTO `score` VALUES ('73', '16310121127', null, null, '0');
INSERT INTO `score` VALUES ('73', '16310121128', null, null, '0');
INSERT INTO `score` VALUES ('73', '16310121129', null, null, '0');
INSERT INTO `score` VALUES ('73', '16310121131', null, null, '0');
INSERT INTO `score` VALUES ('73', '16310121132', null, null, '0');
INSERT INTO `score` VALUES ('73', '16310121133', null, null, '0');
INSERT INTO `score` VALUES ('73', '16310121134', null, null, '0');
INSERT INTO `score` VALUES ('73', '16310121135', null, null, '0');
INSERT INTO `score` VALUES ('73', '16310121136', null, null, '0');
INSERT INTO `score` VALUES ('73', '16310121137', null, null, '0');
INSERT INTO `score` VALUES ('73', '16310121138', null, null, '0');
INSERT INTO `score` VALUES ('73', '16310121139', null, null, '0');
INSERT INTO `score` VALUES ('73', '16310121202', null, null, '0');
INSERT INTO `score` VALUES ('73', '16310121203', null, null, '0');
INSERT INTO `score` VALUES ('73', '16310121204', null, null, '0');
INSERT INTO `score` VALUES ('73', '16310121206', null, null, '0');
INSERT INTO `score` VALUES ('73', '16310121207', null, null, '0');
INSERT INTO `score` VALUES ('73', '16310121209', null, null, '0');
INSERT INTO `score` VALUES ('73', '16310121210', null, null, '0');
INSERT INTO `score` VALUES ('73', '16310121211', null, null, '0');
INSERT INTO `score` VALUES ('73', '16310121212', null, null, '0');
INSERT INTO `score` VALUES ('73', '16310121213', null, null, '0');
INSERT INTO `score` VALUES ('73', '16310121214', null, null, '0');
INSERT INTO `score` VALUES ('73', '16310121216', null, null, '0');
INSERT INTO `score` VALUES ('73', '16310121217', null, null, '0');
INSERT INTO `score` VALUES ('73', '16310121218', null, null, '0');
INSERT INTO `score` VALUES ('73', '16310121219', null, null, '0');
INSERT INTO `score` VALUES ('73', '16310121220', null, null, '0');
INSERT INTO `score` VALUES ('73', '16310121221', null, null, '0');
INSERT INTO `score` VALUES ('73', '16310121222', null, null, '0');
INSERT INTO `score` VALUES ('73', '16310121223', null, null, '0');
INSERT INTO `score` VALUES ('73', '16310121224', null, null, '0');
INSERT INTO `score` VALUES ('73', '16310121225', null, null, '0');
INSERT INTO `score` VALUES ('73', '16310121226', null, null, '0');
INSERT INTO `score` VALUES ('73', '16310121227', null, null, '0');
INSERT INTO `score` VALUES ('73', '16310121228', null, null, '0');
INSERT INTO `score` VALUES ('73', '16310121229', null, null, '0');
INSERT INTO `score` VALUES ('73', '16310121231', null, null, '0');
INSERT INTO `score` VALUES ('73', '16310121233', null, null, '0');
INSERT INTO `score` VALUES ('73', '16310121235', null, null, '0');
INSERT INTO `score` VALUES ('73', '16310121236', null, null, '0');
INSERT INTO `score` VALUES ('73', '16310121237', null, null, '0');
INSERT INTO `score` VALUES ('73', '16310121238', null, null, '0');
INSERT INTO `score` VALUES ('73', '16310121239', null, null, '0');
INSERT INTO `score` VALUES ('74', '16310121103', null, null, '0');
INSERT INTO `score` VALUES ('74', '16310121104', null, null, '0');
INSERT INTO `score` VALUES ('74', '16310121105', null, null, '0');
INSERT INTO `score` VALUES ('74', '16310121107', null, null, '0');
INSERT INTO `score` VALUES ('74', '16310121108', null, null, '0');
INSERT INTO `score` VALUES ('74', '16310121109', null, null, '0');
INSERT INTO `score` VALUES ('74', '16310121110', null, null, '0');
INSERT INTO `score` VALUES ('74', '16310121111', null, null, '0');
INSERT INTO `score` VALUES ('74', '16310121112', null, null, '0');
INSERT INTO `score` VALUES ('74', '16310121116', null, null, '0');
INSERT INTO `score` VALUES ('74', '16310121118', null, null, '0');
INSERT INTO `score` VALUES ('74', '16310121119', null, null, '0');
INSERT INTO `score` VALUES ('74', '16310121120', null, null, '0');
INSERT INTO `score` VALUES ('74', '16310121121', null, null, '0');
INSERT INTO `score` VALUES ('74', '16310121123', null, null, '0');
INSERT INTO `score` VALUES ('74', '16310121124', null, null, '0');
INSERT INTO `score` VALUES ('74', '16310121125', null, null, '0');
INSERT INTO `score` VALUES ('74', '16310121126', null, null, '0');
INSERT INTO `score` VALUES ('74', '16310121127', null, null, '0');
INSERT INTO `score` VALUES ('74', '16310121128', null, null, '0');
INSERT INTO `score` VALUES ('74', '16310121129', null, null, '0');
INSERT INTO `score` VALUES ('74', '16310121130', null, null, '0');
INSERT INTO `score` VALUES ('74', '16310121131', null, null, '0');
INSERT INTO `score` VALUES ('74', '16310121132', null, null, '0');
INSERT INTO `score` VALUES ('74', '16310121133', null, null, '0');
INSERT INTO `score` VALUES ('74', '16310121134', null, null, '0');
INSERT INTO `score` VALUES ('74', '16310121135', null, null, '0');
INSERT INTO `score` VALUES ('74', '16310121136', null, null, '0');
INSERT INTO `score` VALUES ('74', '16310121137', null, null, '0');
INSERT INTO `score` VALUES ('74', '16310121138', null, null, '0');
INSERT INTO `score` VALUES ('74', '16310121139', null, null, '0');
INSERT INTO `score` VALUES ('74', '16310121202', null, null, '0');
INSERT INTO `score` VALUES ('74', '16310121203', null, null, '0');
INSERT INTO `score` VALUES ('74', '16310121204', null, null, '0');
INSERT INTO `score` VALUES ('74', '16310121206', null, null, '0');
INSERT INTO `score` VALUES ('74', '16310121207', null, null, '0');
INSERT INTO `score` VALUES ('74', '16310121209', null, null, '0');
INSERT INTO `score` VALUES ('74', '16310121210', null, null, '0');
INSERT INTO `score` VALUES ('74', '16310121211', null, null, '0');
INSERT INTO `score` VALUES ('74', '16310121212', null, null, '0');
INSERT INTO `score` VALUES ('74', '16310121213', null, null, '0');
INSERT INTO `score` VALUES ('74', '16310121214', null, null, '0');
INSERT INTO `score` VALUES ('74', '16310121216', null, null, '0');
INSERT INTO `score` VALUES ('74', '16310121217', null, null, '0');
INSERT INTO `score` VALUES ('74', '16310121218', null, null, '0');
INSERT INTO `score` VALUES ('74', '16310121219', null, null, '0');
INSERT INTO `score` VALUES ('74', '16310121220', null, null, '0');
INSERT INTO `score` VALUES ('74', '16310121221', null, null, '0');
INSERT INTO `score` VALUES ('74', '16310121222', null, null, '0');
INSERT INTO `score` VALUES ('74', '16310121223', null, null, '0');
INSERT INTO `score` VALUES ('74', '16310121224', null, null, '0');
INSERT INTO `score` VALUES ('74', '16310121225', null, null, '0');
INSERT INTO `score` VALUES ('74', '16310121226', null, null, '0');
INSERT INTO `score` VALUES ('74', '16310121227', null, null, '0');
INSERT INTO `score` VALUES ('74', '16310121228', null, null, '0');
INSERT INTO `score` VALUES ('74', '16310121229', null, null, '0');
INSERT INTO `score` VALUES ('74', '16310121231', null, null, '0');
INSERT INTO `score` VALUES ('74', '16310121233', null, null, '0');
INSERT INTO `score` VALUES ('74', '16310121235', null, null, '0');
INSERT INTO `score` VALUES ('74', '16310121236', null, null, '0');
INSERT INTO `score` VALUES ('74', '16310121237', null, null, '0');
INSERT INTO `score` VALUES ('74', '16310121238', null, null, '0');
INSERT INTO `score` VALUES ('74', '16310121239', null, null, '0');
INSERT INTO `score` VALUES ('75', '16310121101', null, null, '0');
INSERT INTO `score` VALUES ('75', '16310121103', null, null, '0');
INSERT INTO `score` VALUES ('75', '16310121104', null, null, '0');
INSERT INTO `score` VALUES ('75', '16310121105', null, null, '0');
INSERT INTO `score` VALUES ('75', '16310121106', null, null, '0');
INSERT INTO `score` VALUES ('75', '16310121107', null, null, '0');
INSERT INTO `score` VALUES ('75', '16310121108', null, null, '0');
INSERT INTO `score` VALUES ('75', '16310121109', null, null, '0');
INSERT INTO `score` VALUES ('75', '16310121110', null, null, '0');
INSERT INTO `score` VALUES ('75', '16310121111', null, null, '0');
INSERT INTO `score` VALUES ('75', '16310121112', null, null, '0');
INSERT INTO `score` VALUES ('75', '16310121116', null, null, '0');
INSERT INTO `score` VALUES ('75', '16310121118', null, null, '0');
INSERT INTO `score` VALUES ('75', '16310121119', null, null, '0');
INSERT INTO `score` VALUES ('75', '16310121120', null, null, '0');
INSERT INTO `score` VALUES ('75', '16310121121', null, null, '0');
INSERT INTO `score` VALUES ('75', '16310121122', null, null, '0');
INSERT INTO `score` VALUES ('75', '16310121124', null, null, '0');
INSERT INTO `score` VALUES ('75', '16310121126', null, null, '0');
INSERT INTO `score` VALUES ('75', '16310121127', null, null, '0');
INSERT INTO `score` VALUES ('75', '16310121128', null, null, '0');
INSERT INTO `score` VALUES ('75', '16310121129', null, null, '0');
INSERT INTO `score` VALUES ('75', '16310121130', null, null, '0');
INSERT INTO `score` VALUES ('75', '16310121131', null, null, '0');
INSERT INTO `score` VALUES ('75', '16310121132', null, null, '0');
INSERT INTO `score` VALUES ('75', '16310121133', null, null, '0');
INSERT INTO `score` VALUES ('75', '16310121134', null, null, '0');
INSERT INTO `score` VALUES ('75', '16310121135', null, null, '0');
INSERT INTO `score` VALUES ('75', '16310121136', null, null, '0');
INSERT INTO `score` VALUES ('75', '16310121137', null, null, '0');
INSERT INTO `score` VALUES ('75', '16310121139', null, null, '0');
INSERT INTO `score` VALUES ('75', '16310121202', null, null, '0');
INSERT INTO `score` VALUES ('75', '16310121203', null, null, '0');
INSERT INTO `score` VALUES ('75', '16310121204', null, null, '0');
INSERT INTO `score` VALUES ('75', '16310121206', null, null, '0');
INSERT INTO `score` VALUES ('75', '16310121207', null, null, '0');
INSERT INTO `score` VALUES ('75', '16310121209', null, null, '0');
INSERT INTO `score` VALUES ('75', '16310121210', null, null, '0');
INSERT INTO `score` VALUES ('75', '16310121211', null, null, '0');
INSERT INTO `score` VALUES ('75', '16310121212', null, null, '0');
INSERT INTO `score` VALUES ('75', '16310121213', null, null, '0');
INSERT INTO `score` VALUES ('75', '16310121214', null, null, '0');
INSERT INTO `score` VALUES ('75', '16310121216', null, null, '0');
INSERT INTO `score` VALUES ('75', '16310121217', null, null, '0');
INSERT INTO `score` VALUES ('75', '16310121218', null, null, '0');
INSERT INTO `score` VALUES ('75', '16310121219', null, null, '0');
INSERT INTO `score` VALUES ('75', '16310121220', null, null, '0');
INSERT INTO `score` VALUES ('75', '16310121221', null, null, '0');
INSERT INTO `score` VALUES ('75', '16310121222', null, null, '0');
INSERT INTO `score` VALUES ('75', '16310121223', null, null, '0');
INSERT INTO `score` VALUES ('75', '16310121224', null, null, '0');
INSERT INTO `score` VALUES ('75', '16310121225', null, null, '0');
INSERT INTO `score` VALUES ('75', '16310121226', null, null, '0');
INSERT INTO `score` VALUES ('75', '16310121227', null, null, '0');
INSERT INTO `score` VALUES ('75', '16310121228', null, null, '0');
INSERT INTO `score` VALUES ('75', '16310121229', null, null, '0');
INSERT INTO `score` VALUES ('75', '16310121231', null, null, '0');
INSERT INTO `score` VALUES ('75', '16310121233', null, null, '0');
INSERT INTO `score` VALUES ('75', '16310121235', null, null, '0');
INSERT INTO `score` VALUES ('75', '16310121236', null, null, '0');
INSERT INTO `score` VALUES ('75', '16310121237', null, null, '0');
INSERT INTO `score` VALUES ('75', '16310121238', null, null, '0');
INSERT INTO `score` VALUES ('75', '16310121239', null, null, '0');
INSERT INTO `score` VALUES ('76', '16310121101', null, null, '0');
INSERT INTO `score` VALUES ('76', '16310121103', null, null, '0');
INSERT INTO `score` VALUES ('76', '16310121104', null, null, '0');
INSERT INTO `score` VALUES ('76', '16310121105', null, null, '0');
INSERT INTO `score` VALUES ('76', '16310121106', null, null, '0');
INSERT INTO `score` VALUES ('76', '16310121107', null, null, '0');
INSERT INTO `score` VALUES ('76', '16310121108', null, null, '0');
INSERT INTO `score` VALUES ('76', '16310121109', null, null, '0');
INSERT INTO `score` VALUES ('76', '16310121110', null, null, '0');
INSERT INTO `score` VALUES ('76', '16310121112', null, null, '0');
INSERT INTO `score` VALUES ('76', '16310121116', null, null, '0');
INSERT INTO `score` VALUES ('76', '16310121118', null, null, '0');
INSERT INTO `score` VALUES ('76', '16310121119', null, null, '0');
INSERT INTO `score` VALUES ('76', '16310121120', null, null, '0');
INSERT INTO `score` VALUES ('76', '16310121121', null, null, '0');
INSERT INTO `score` VALUES ('76', '16310121122', null, null, '0');
INSERT INTO `score` VALUES ('76', '16310121123', null, null, '0');
INSERT INTO `score` VALUES ('76', '16310121124', null, null, '0');
INSERT INTO `score` VALUES ('76', '16310121125', null, null, '0');
INSERT INTO `score` VALUES ('76', '16310121126', null, null, '0');
INSERT INTO `score` VALUES ('76', '16310121127', null, null, '0');
INSERT INTO `score` VALUES ('76', '16310121128', null, null, '0');
INSERT INTO `score` VALUES ('76', '16310121129', null, null, '0');
INSERT INTO `score` VALUES ('76', '16310121130', null, null, '0');
INSERT INTO `score` VALUES ('76', '16310121131', null, null, '0');
INSERT INTO `score` VALUES ('76', '16310121132', null, null, '0');
INSERT INTO `score` VALUES ('76', '16310121133', null, null, '0');
INSERT INTO `score` VALUES ('76', '16310121134', null, null, '0');
INSERT INTO `score` VALUES ('76', '16310121135', null, null, '0');
INSERT INTO `score` VALUES ('76', '16310121136', null, null, '0');
INSERT INTO `score` VALUES ('76', '16310121137', null, null, '0');
INSERT INTO `score` VALUES ('76', '16310121138', null, null, '0');
INSERT INTO `score` VALUES ('76', '16310121202', null, null, '0');
INSERT INTO `score` VALUES ('76', '16310121203', null, null, '0');
INSERT INTO `score` VALUES ('76', '16310121204', null, null, '0');
INSERT INTO `score` VALUES ('76', '16310121206', null, null, '0');
INSERT INTO `score` VALUES ('76', '16310121207', null, null, '0');
INSERT INTO `score` VALUES ('76', '16310121209', null, null, '0');
INSERT INTO `score` VALUES ('76', '16310121210', null, null, '0');
INSERT INTO `score` VALUES ('76', '16310121211', null, null, '0');
INSERT INTO `score` VALUES ('76', '16310121212', null, null, '0');
INSERT INTO `score` VALUES ('76', '16310121213', null, null, '0');
INSERT INTO `score` VALUES ('76', '16310121214', null, null, '0');
INSERT INTO `score` VALUES ('76', '16310121216', null, null, '0');
INSERT INTO `score` VALUES ('76', '16310121217', null, null, '0');
INSERT INTO `score` VALUES ('76', '16310121218', null, null, '0');
INSERT INTO `score` VALUES ('76', '16310121219', null, null, '0');
INSERT INTO `score` VALUES ('76', '16310121220', null, null, '0');
INSERT INTO `score` VALUES ('76', '16310121221', null, null, '0');
INSERT INTO `score` VALUES ('76', '16310121222', null, null, '0');
INSERT INTO `score` VALUES ('76', '16310121223', null, null, '0');
INSERT INTO `score` VALUES ('76', '16310121224', null, null, '0');
INSERT INTO `score` VALUES ('76', '16310121225', null, null, '0');
INSERT INTO `score` VALUES ('76', '16310121226', null, null, '0');
INSERT INTO `score` VALUES ('76', '16310121227', null, null, '0');
INSERT INTO `score` VALUES ('76', '16310121228', null, null, '0');
INSERT INTO `score` VALUES ('76', '16310121229', null, null, '0');
INSERT INTO `score` VALUES ('76', '16310121231', null, null, '0');
INSERT INTO `score` VALUES ('76', '16310121233', null, null, '0');
INSERT INTO `score` VALUES ('76', '16310121235', null, null, '0');
INSERT INTO `score` VALUES ('76', '16310121236', null, null, '0');
INSERT INTO `score` VALUES ('76', '16310121237', null, null, '0');
INSERT INTO `score` VALUES ('76', '16310121238', null, null, '0');
INSERT INTO `score` VALUES ('76', '16310121239', null, null, '0');
INSERT INTO `score` VALUES ('77', '16310121101', null, null, '0');
INSERT INTO `score` VALUES ('77', '16310121103', null, null, '0');
INSERT INTO `score` VALUES ('77', '16310121104', null, null, '0');
INSERT INTO `score` VALUES ('77', '16310121105', null, null, '0');
INSERT INTO `score` VALUES ('77', '16310121106', null, null, '0');
INSERT INTO `score` VALUES ('77', '16310121107', null, null, '0');
INSERT INTO `score` VALUES ('77', '16310121108', null, null, '0');
INSERT INTO `score` VALUES ('77', '16310121109', null, null, '0');
INSERT INTO `score` VALUES ('77', '16310121110', null, null, '0');
INSERT INTO `score` VALUES ('77', '16310121111', null, null, '0');
INSERT INTO `score` VALUES ('77', '16310121112', null, null, '0');
INSERT INTO `score` VALUES ('77', '16310121116', null, null, '0');
INSERT INTO `score` VALUES ('77', '16310121118', null, null, '0');
INSERT INTO `score` VALUES ('77', '16310121119', null, null, '0');
INSERT INTO `score` VALUES ('77', '16310121120', null, null, '0');
INSERT INTO `score` VALUES ('77', '16310121121', null, null, '0');
INSERT INTO `score` VALUES ('77', '16310121122', null, null, '0');
INSERT INTO `score` VALUES ('77', '16310121123', null, null, '0');
INSERT INTO `score` VALUES ('77', '16310121124', null, null, '0');
INSERT INTO `score` VALUES ('77', '16310121125', null, null, '0');
INSERT INTO `score` VALUES ('77', '16310121126', null, null, '0');
INSERT INTO `score` VALUES ('77', '16310121127', null, null, '0');
INSERT INTO `score` VALUES ('77', '16310121128', null, null, '0');
INSERT INTO `score` VALUES ('77', '16310121129', null, null, '0');
INSERT INTO `score` VALUES ('77', '16310121130', null, null, '0');
INSERT INTO `score` VALUES ('77', '16310121131', null, null, '0');
INSERT INTO `score` VALUES ('77', '16310121132', null, null, '0');
INSERT INTO `score` VALUES ('77', '16310121133', null, null, '0');
INSERT INTO `score` VALUES ('77', '16310121134', null, null, '0');
INSERT INTO `score` VALUES ('77', '16310121135', null, null, '0');
INSERT INTO `score` VALUES ('77', '16310121136', null, null, '0');
INSERT INTO `score` VALUES ('77', '16310121137', null, null, '0');
INSERT INTO `score` VALUES ('77', '16310121138', null, null, '0');
INSERT INTO `score` VALUES ('77', '16310121139', null, null, '0');
INSERT INTO `score` VALUES ('77', '16310121202', null, null, '0');
INSERT INTO `score` VALUES ('77', '16310121203', null, null, '0');
INSERT INTO `score` VALUES ('77', '16310121204', null, null, '0');
INSERT INTO `score` VALUES ('77', '16310121206', null, null, '0');
INSERT INTO `score` VALUES ('77', '16310121207', null, null, '0');
INSERT INTO `score` VALUES ('77', '16310121209', null, null, '0');
INSERT INTO `score` VALUES ('77', '16310121210', null, null, '0');
INSERT INTO `score` VALUES ('77', '16310121211', null, null, '0');
INSERT INTO `score` VALUES ('77', '16310121212', null, null, '0');
INSERT INTO `score` VALUES ('77', '16310121213', null, null, '0');
INSERT INTO `score` VALUES ('77', '16310121214', null, null, '0');
INSERT INTO `score` VALUES ('77', '16310121218', null, null, '0');
INSERT INTO `score` VALUES ('77', '16310121220', null, null, '0');
INSERT INTO `score` VALUES ('77', '16310121221', null, null, '0');
INSERT INTO `score` VALUES ('77', '16310121222', null, null, '0');
INSERT INTO `score` VALUES ('77', '16310121223', null, null, '0');
INSERT INTO `score` VALUES ('77', '16310121224', null, null, '0');
INSERT INTO `score` VALUES ('77', '16310121225', null, null, '0');
INSERT INTO `score` VALUES ('77', '16310121226', null, null, '0');
INSERT INTO `score` VALUES ('77', '16310121227', null, null, '0');
INSERT INTO `score` VALUES ('77', '16310121228', null, null, '0');
INSERT INTO `score` VALUES ('77', '16310121229', null, null, '0');
INSERT INTO `score` VALUES ('77', '16310121231', null, null, '0');
INSERT INTO `score` VALUES ('77', '16310121233', null, null, '0');
INSERT INTO `score` VALUES ('77', '16310121235', null, null, '0');
INSERT INTO `score` VALUES ('77', '16310121236', null, null, '0');
INSERT INTO `score` VALUES ('77', '16310121237', null, null, '0');
INSERT INTO `score` VALUES ('77', '16310121238', null, null, '0');
INSERT INTO `score` VALUES ('77', '16310121239', null, null, '0');
INSERT INTO `score` VALUES ('78', '16310121101', null, null, '0');
INSERT INTO `score` VALUES ('78', '16310121103', null, null, '0');
INSERT INTO `score` VALUES ('78', '16310121104', null, null, '0');
INSERT INTO `score` VALUES ('78', '16310121105', null, null, '0');
INSERT INTO `score` VALUES ('78', '16310121106', null, null, '0');
INSERT INTO `score` VALUES ('78', '16310121107', null, null, '0');
INSERT INTO `score` VALUES ('78', '16310121108', null, null, '0');
INSERT INTO `score` VALUES ('78', '16310121109', null, null, '0');
INSERT INTO `score` VALUES ('78', '16310121110', null, null, '0');
INSERT INTO `score` VALUES ('78', '16310121111', null, null, '0');
INSERT INTO `score` VALUES ('78', '16310121112', null, null, '0');
INSERT INTO `score` VALUES ('78', '16310121116', null, null, '0');
INSERT INTO `score` VALUES ('78', '16310121118', null, null, '0');
INSERT INTO `score` VALUES ('78', '16310121119', null, null, '0');
INSERT INTO `score` VALUES ('78', '16310121120', null, null, '0');
INSERT INTO `score` VALUES ('78', '16310121121', null, null, '0');
INSERT INTO `score` VALUES ('78', '16310121122', null, null, '0');
INSERT INTO `score` VALUES ('78', '16310121123', null, null, '0');
INSERT INTO `score` VALUES ('78', '16310121124', null, null, '0');
INSERT INTO `score` VALUES ('78', '16310121125', null, null, '0');
INSERT INTO `score` VALUES ('78', '16310121126', null, null, '0');
INSERT INTO `score` VALUES ('78', '16310121127', null, null, '0');
INSERT INTO `score` VALUES ('78', '16310121128', null, null, '0');
INSERT INTO `score` VALUES ('78', '16310121129', null, null, '0');
INSERT INTO `score` VALUES ('78', '16310121130', null, null, '0');
INSERT INTO `score` VALUES ('78', '16310121131', null, null, '0');
INSERT INTO `score` VALUES ('78', '16310121132', null, null, '0');
INSERT INTO `score` VALUES ('78', '16310121133', null, null, '0');
INSERT INTO `score` VALUES ('78', '16310121134', null, null, '0');
INSERT INTO `score` VALUES ('78', '16310121135', null, null, '0');
INSERT INTO `score` VALUES ('78', '16310121136', null, null, '0');
INSERT INTO `score` VALUES ('78', '16310121137', null, null, '0');
INSERT INTO `score` VALUES ('78', '16310121138', null, null, '0');
INSERT INTO `score` VALUES ('78', '16310121139', null, null, '0');
INSERT INTO `score` VALUES ('78', '16310121202', null, null, '0');
INSERT INTO `score` VALUES ('78', '16310121203', null, null, '0');
INSERT INTO `score` VALUES ('78', '16310121204', null, null, '0');
INSERT INTO `score` VALUES ('78', '16310121206', null, null, '0');
INSERT INTO `score` VALUES ('78', '16310121207', null, null, '0');
INSERT INTO `score` VALUES ('78', '16310121209', null, null, '0');
INSERT INTO `score` VALUES ('78', '16310121210', null, null, '0');
INSERT INTO `score` VALUES ('78', '16310121211', null, null, '0');
INSERT INTO `score` VALUES ('78', '16310121212', null, null, '0');
INSERT INTO `score` VALUES ('78', '16310121216', null, null, '0');
INSERT INTO `score` VALUES ('78', '16310121217', null, null, '0');
INSERT INTO `score` VALUES ('78', '16310121218', null, null, '0');
INSERT INTO `score` VALUES ('78', '16310121219', null, null, '0');
INSERT INTO `score` VALUES ('78', '16310121220', null, null, '0');
INSERT INTO `score` VALUES ('78', '16310121221', null, null, '0');
INSERT INTO `score` VALUES ('78', '16310121222', null, null, '0');
INSERT INTO `score` VALUES ('78', '16310121223', null, null, '0');
INSERT INTO `score` VALUES ('78', '16310121224', null, null, '0');
INSERT INTO `score` VALUES ('78', '16310121225', null, null, '0');
INSERT INTO `score` VALUES ('78', '16310121226', null, null, '0');
INSERT INTO `score` VALUES ('78', '16310121227', null, null, '0');
INSERT INTO `score` VALUES ('78', '16310121228', null, null, '0');
INSERT INTO `score` VALUES ('78', '16310121229', null, null, '0');
INSERT INTO `score` VALUES ('78', '16310121231', null, null, '0');
INSERT INTO `score` VALUES ('78', '16310121233', null, null, '0');
INSERT INTO `score` VALUES ('78', '16310121235', null, null, '0');
INSERT INTO `score` VALUES ('78', '16310121236', null, null, '0');
INSERT INTO `score` VALUES ('78', '16310121237', null, null, '0');
INSERT INTO `score` VALUES ('78', '16310121238', null, null, '0');
INSERT INTO `score` VALUES ('78', '16310121239', null, null, '0');
INSERT INTO `score` VALUES ('79', '16310121101', null, null, '0');
INSERT INTO `score` VALUES ('79', '16310121103', null, null, '0');
INSERT INTO `score` VALUES ('79', '16310121104', null, null, '0');
INSERT INTO `score` VALUES ('79', '16310121105', null, null, '0');
INSERT INTO `score` VALUES ('79', '16310121106', null, null, '0');
INSERT INTO `score` VALUES ('79', '16310121107', null, null, '0');
INSERT INTO `score` VALUES ('79', '16310121108', null, null, '0');
INSERT INTO `score` VALUES ('79', '16310121109', null, null, '0');
INSERT INTO `score` VALUES ('79', '16310121110', null, null, '0');
INSERT INTO `score` VALUES ('79', '16310121111', null, null, '0');
INSERT INTO `score` VALUES ('79', '16310121112', null, null, '0');
INSERT INTO `score` VALUES ('79', '16310121116', null, null, '0');
INSERT INTO `score` VALUES ('79', '16310121118', null, null, '0');
INSERT INTO `score` VALUES ('79', '16310121119', null, null, '0');
INSERT INTO `score` VALUES ('79', '16310121120', null, null, '0');
INSERT INTO `score` VALUES ('79', '16310121121', null, null, '0');
INSERT INTO `score` VALUES ('79', '16310121122', null, null, '0');
INSERT INTO `score` VALUES ('79', '16310121123', null, null, '0');
INSERT INTO `score` VALUES ('79', '16310121125', null, null, '0');
INSERT INTO `score` VALUES ('79', '16310121126', null, null, '0');
INSERT INTO `score` VALUES ('79', '16310121127', null, null, '0');
INSERT INTO `score` VALUES ('79', '16310121128', null, null, '0');
INSERT INTO `score` VALUES ('79', '16310121129', null, null, '0');
INSERT INTO `score` VALUES ('79', '16310121130', null, null, '0');
INSERT INTO `score` VALUES ('79', '16310121131', null, null, '0');
INSERT INTO `score` VALUES ('79', '16310121132', null, null, '0');
INSERT INTO `score` VALUES ('79', '16310121134', null, null, '0');
INSERT INTO `score` VALUES ('79', '16310121135', null, null, '0');
INSERT INTO `score` VALUES ('79', '16310121137', null, null, '0');
INSERT INTO `score` VALUES ('79', '16310121138', null, null, '0');
INSERT INTO `score` VALUES ('79', '16310121139', null, null, '0');
INSERT INTO `score` VALUES ('79', '16310121202', null, null, '0');
INSERT INTO `score` VALUES ('79', '16310121203', null, null, '0');
INSERT INTO `score` VALUES ('79', '16310121204', null, null, '0');
INSERT INTO `score` VALUES ('79', '16310121206', null, null, '0');
INSERT INTO `score` VALUES ('79', '16310121207', null, null, '0');
INSERT INTO `score` VALUES ('79', '16310121209', null, null, '0');
INSERT INTO `score` VALUES ('79', '16310121210', null, null, '0');
INSERT INTO `score` VALUES ('79', '16310121211', null, null, '0');
INSERT INTO `score` VALUES ('79', '16310121212', null, null, '0');
INSERT INTO `score` VALUES ('79', '16310121213', null, null, '0');
INSERT INTO `score` VALUES ('79', '16310121214', null, null, '0');
INSERT INTO `score` VALUES ('79', '16310121216', null, null, '0');
INSERT INTO `score` VALUES ('79', '16310121217', null, null, '0');
INSERT INTO `score` VALUES ('79', '16310121218', null, null, '0');
INSERT INTO `score` VALUES ('79', '16310121219', null, null, '0');
INSERT INTO `score` VALUES ('79', '16310121220', null, null, '0');
INSERT INTO `score` VALUES ('79', '16310121221', null, null, '0');
INSERT INTO `score` VALUES ('79', '16310121222', null, null, '0');
INSERT INTO `score` VALUES ('79', '16310121223', null, null, '0');
INSERT INTO `score` VALUES ('79', '16310121224', null, null, '0');
INSERT INTO `score` VALUES ('79', '16310121225', null, null, '0');
INSERT INTO `score` VALUES ('79', '16310121226', null, null, '0');
INSERT INTO `score` VALUES ('79', '16310121227', null, null, '0');
INSERT INTO `score` VALUES ('79', '16310121228', null, null, '0');
INSERT INTO `score` VALUES ('79', '16310121229', null, null, '0');
INSERT INTO `score` VALUES ('79', '16310121231', null, null, '0');
INSERT INTO `score` VALUES ('79', '16310121233', null, null, '0');
INSERT INTO `score` VALUES ('79', '16310121235', null, null, '0');
INSERT INTO `score` VALUES ('79', '16310121236', null, null, '0');
INSERT INTO `score` VALUES ('79', '16310121237', null, null, '0');
INSERT INTO `score` VALUES ('79', '16310121238', null, null, '0');
INSERT INTO `score` VALUES ('79', '16310121239', null, null, '0');
INSERT INTO `score` VALUES ('80', '16310121101', null, null, '0');
INSERT INTO `score` VALUES ('80', '16310121103', null, null, '0');
INSERT INTO `score` VALUES ('80', '16310121104', null, null, '0');
INSERT INTO `score` VALUES ('80', '16310121105', null, null, '0');
INSERT INTO `score` VALUES ('80', '16310121106', null, null, '0');
INSERT INTO `score` VALUES ('80', '16310121107', null, null, '0');
INSERT INTO `score` VALUES ('80', '16310121108', null, null, '0');
INSERT INTO `score` VALUES ('80', '16310121109', null, null, '0');
INSERT INTO `score` VALUES ('80', '16310121110', null, null, '0');
INSERT INTO `score` VALUES ('80', '16310121111', null, null, '0');
INSERT INTO `score` VALUES ('80', '16310121112', null, null, '0');
INSERT INTO `score` VALUES ('80', '16310121116', null, null, '0');
INSERT INTO `score` VALUES ('80', '16310121118', null, null, '0');
INSERT INTO `score` VALUES ('80', '16310121119', null, null, '0');
INSERT INTO `score` VALUES ('80', '16310121120', null, null, '0');
INSERT INTO `score` VALUES ('80', '16310121121', null, null, '0');
INSERT INTO `score` VALUES ('80', '16310121122', null, null, '0');
INSERT INTO `score` VALUES ('80', '16310121123', null, null, '0');
INSERT INTO `score` VALUES ('80', '16310121124', null, null, '0');
INSERT INTO `score` VALUES ('80', '16310121125', null, null, '0');
INSERT INTO `score` VALUES ('80', '16310121126', null, null, '0');
INSERT INTO `score` VALUES ('80', '16310121127', null, null, '0');
INSERT INTO `score` VALUES ('80', '16310121128', null, null, '0');
INSERT INTO `score` VALUES ('80', '16310121129', null, null, '0');
INSERT INTO `score` VALUES ('80', '16310121130', null, null, '0');
INSERT INTO `score` VALUES ('80', '16310121131', null, null, '0');
INSERT INTO `score` VALUES ('80', '16310121132', null, null, '0');
INSERT INTO `score` VALUES ('80', '16310121133', null, null, '0');
INSERT INTO `score` VALUES ('80', '16310121134', null, null, '0');
INSERT INTO `score` VALUES ('80', '16310121135', null, null, '0');
INSERT INTO `score` VALUES ('80', '16310121136', null, null, '0');
INSERT INTO `score` VALUES ('80', '16310121137', null, null, '0');
INSERT INTO `score` VALUES ('80', '16310121138', null, null, '0');
INSERT INTO `score` VALUES ('80', '16310121139', null, null, '0');
INSERT INTO `score` VALUES ('80', '16310121202', null, null, '0');
INSERT INTO `score` VALUES ('80', '16310121203', null, null, '0');
INSERT INTO `score` VALUES ('80', '16310121204', null, null, '0');
INSERT INTO `score` VALUES ('80', '16310121206', null, null, '0');
INSERT INTO `score` VALUES ('80', '16310121207', null, null, '0');
INSERT INTO `score` VALUES ('80', '16310121209', null, null, '0');
INSERT INTO `score` VALUES ('80', '16310121213', null, null, '0');
INSERT INTO `score` VALUES ('80', '16310121214', null, null, '0');
INSERT INTO `score` VALUES ('80', '16310121216', null, null, '0');
INSERT INTO `score` VALUES ('80', '16310121217', null, null, '0');
INSERT INTO `score` VALUES ('80', '16310121218', null, null, '0');
INSERT INTO `score` VALUES ('80', '16310121219', null, null, '0');
INSERT INTO `score` VALUES ('80', '16310121220', null, null, '0');
INSERT INTO `score` VALUES ('80', '16310121221', null, null, '0');
INSERT INTO `score` VALUES ('80', '16310121222', null, null, '0');
INSERT INTO `score` VALUES ('80', '16310121223', null, null, '0');
INSERT INTO `score` VALUES ('80', '16310121224', null, null, '0');
INSERT INTO `score` VALUES ('80', '16310121225', null, null, '0');
INSERT INTO `score` VALUES ('80', '16310121226', null, null, '0');
INSERT INTO `score` VALUES ('80', '16310121227', null, null, '0');
INSERT INTO `score` VALUES ('80', '16310121228', null, null, '0');
INSERT INTO `score` VALUES ('80', '16310121229', null, null, '0');
INSERT INTO `score` VALUES ('80', '16310121231', null, null, '0');
INSERT INTO `score` VALUES ('80', '16310121233', null, null, '0');
INSERT INTO `score` VALUES ('80', '16310121235', null, null, '0');
INSERT INTO `score` VALUES ('80', '16310121236', null, null, '0');
INSERT INTO `score` VALUES ('80', '16310121237', null, null, '0');
INSERT INTO `score` VALUES ('80', '16310121238', null, null, '0');
INSERT INTO `score` VALUES ('80', '16310121239', null, null, '0');
INSERT INTO `score` VALUES ('81', '16310121101', null, null, '0');
INSERT INTO `score` VALUES ('81', '16310121103', null, null, '0');
INSERT INTO `score` VALUES ('81', '16310121104', null, null, '0');
INSERT INTO `score` VALUES ('81', '16310121105', null, null, '0');
INSERT INTO `score` VALUES ('81', '16310121106', null, null, '0');
INSERT INTO `score` VALUES ('81', '16310121107', null, null, '0');
INSERT INTO `score` VALUES ('81', '16310121108', null, null, '0');
INSERT INTO `score` VALUES ('81', '16310121109', null, null, '0');
INSERT INTO `score` VALUES ('81', '16310121110', null, null, '0');
INSERT INTO `score` VALUES ('81', '16310121111', null, null, '0');
INSERT INTO `score` VALUES ('81', '16310121112', null, null, '0');
INSERT INTO `score` VALUES ('81', '16310121116', null, null, '0');
INSERT INTO `score` VALUES ('81', '16310121118', null, null, '0');
INSERT INTO `score` VALUES ('81', '16310121119', null, null, '0');
INSERT INTO `score` VALUES ('81', '16310121120', null, null, '0');
INSERT INTO `score` VALUES ('81', '16310121121', null, null, '0');
INSERT INTO `score` VALUES ('81', '16310121122', null, null, '0');
INSERT INTO `score` VALUES ('81', '16310121123', null, null, '0');
INSERT INTO `score` VALUES ('81', '16310121124', null, null, '0');
INSERT INTO `score` VALUES ('81', '16310121125', null, null, '0');
INSERT INTO `score` VALUES ('81', '16310121126', null, null, '0');
INSERT INTO `score` VALUES ('81', '16310121127', null, null, '0');
INSERT INTO `score` VALUES ('81', '16310121128', null, null, '0');
INSERT INTO `score` VALUES ('81', '16310121129', null, null, '0');
INSERT INTO `score` VALUES ('81', '16310121130', null, null, '0');
INSERT INTO `score` VALUES ('81', '16310121131', null, null, '0');
INSERT INTO `score` VALUES ('81', '16310121132', null, null, '0');
INSERT INTO `score` VALUES ('81', '16310121133', null, null, '0');
INSERT INTO `score` VALUES ('81', '16310121134', null, null, '0');
INSERT INTO `score` VALUES ('81', '16310121135', null, null, '0');
INSERT INTO `score` VALUES ('81', '16310121136', null, null, '0');
INSERT INTO `score` VALUES ('81', '16310121137', null, null, '0');
INSERT INTO `score` VALUES ('81', '16310121138', null, null, '0');
INSERT INTO `score` VALUES ('81', '16310121139', null, null, '0');
INSERT INTO `score` VALUES ('81', '16310121202', null, null, '0');
INSERT INTO `score` VALUES ('81', '16310121206', null, null, '0');
INSERT INTO `score` VALUES ('81', '16310121207', null, null, '0');
INSERT INTO `score` VALUES ('81', '16310121209', null, null, '0');
INSERT INTO `score` VALUES ('81', '16310121210', null, null, '0');
INSERT INTO `score` VALUES ('81', '16310121211', null, null, '0');
INSERT INTO `score` VALUES ('81', '16310121212', null, null, '0');
INSERT INTO `score` VALUES ('81', '16310121213', null, null, '0');
INSERT INTO `score` VALUES ('81', '16310121214', null, null, '0');
INSERT INTO `score` VALUES ('81', '16310121216', null, null, '0');
INSERT INTO `score` VALUES ('81', '16310121217', null, null, '0');
INSERT INTO `score` VALUES ('81', '16310121218', null, null, '0');
INSERT INTO `score` VALUES ('81', '16310121219', null, null, '0');
INSERT INTO `score` VALUES ('81', '16310121221', null, null, '0');
INSERT INTO `score` VALUES ('81', '16310121222', null, null, '0');
INSERT INTO `score` VALUES ('81', '16310121223', null, null, '0');
INSERT INTO `score` VALUES ('81', '16310121224', null, null, '0');
INSERT INTO `score` VALUES ('81', '16310121225', null, null, '0');
INSERT INTO `score` VALUES ('81', '16310121226', null, null, '0');
INSERT INTO `score` VALUES ('81', '16310121227', null, null, '0');
INSERT INTO `score` VALUES ('81', '16310121228', null, null, '0');
INSERT INTO `score` VALUES ('81', '16310121229', null, null, '0');
INSERT INTO `score` VALUES ('81', '16310121231', null, null, '0');
INSERT INTO `score` VALUES ('81', '16310121233', null, null, '0');
INSERT INTO `score` VALUES ('81', '16310121235', null, null, '0');
INSERT INTO `score` VALUES ('81', '16310121236', null, null, '0');
INSERT INTO `score` VALUES ('81', '16310121237', null, null, '0');
INSERT INTO `score` VALUES ('81', '16310121238', null, null, '0');
INSERT INTO `score` VALUES ('81', '16310121239', null, null, '0');
INSERT INTO `score` VALUES ('82', '16310121101', null, null, '0');
INSERT INTO `score` VALUES ('82', '16310121103', null, null, '0');
INSERT INTO `score` VALUES ('82', '16310121104', null, null, '0');
INSERT INTO `score` VALUES ('82', '16310121105', null, null, '0');
INSERT INTO `score` VALUES ('82', '16310121106', null, null, '0');
INSERT INTO `score` VALUES ('82', '16310121107', null, null, '0');
INSERT INTO `score` VALUES ('82', '16310121108', null, null, '0');
INSERT INTO `score` VALUES ('82', '16310121109', null, null, '0');
INSERT INTO `score` VALUES ('82', '16310121110', null, null, '0');
INSERT INTO `score` VALUES ('82', '16310121111', null, null, '0');
INSERT INTO `score` VALUES ('82', '16310121112', null, null, '0');
INSERT INTO `score` VALUES ('82', '16310121116', null, null, '0');
INSERT INTO `score` VALUES ('82', '16310121118', null, null, '0');
INSERT INTO `score` VALUES ('82', '16310121119', null, null, '0');
INSERT INTO `score` VALUES ('82', '16310121120', null, null, '0');
INSERT INTO `score` VALUES ('82', '16310121121', null, null, '0');
INSERT INTO `score` VALUES ('82', '16310121122', null, null, '0');
INSERT INTO `score` VALUES ('82', '16310121123', null, null, '0');
INSERT INTO `score` VALUES ('82', '16310121124', null, null, '0');
INSERT INTO `score` VALUES ('82', '16310121125', null, null, '0');
INSERT INTO `score` VALUES ('82', '16310121126', null, null, '0');
INSERT INTO `score` VALUES ('82', '16310121127', null, null, '0');
INSERT INTO `score` VALUES ('82', '16310121128', null, null, '0');
INSERT INTO `score` VALUES ('82', '16310121129', null, null, '0');
INSERT INTO `score` VALUES ('82', '16310121130', null, null, '0');
INSERT INTO `score` VALUES ('82', '16310121131', null, null, '0');
INSERT INTO `score` VALUES ('82', '16310121132', null, null, '0');
INSERT INTO `score` VALUES ('82', '16310121133', null, null, '0');
INSERT INTO `score` VALUES ('82', '16310121134', null, null, '0');
INSERT INTO `score` VALUES ('82', '16310121135', null, null, '0');
INSERT INTO `score` VALUES ('82', '16310121136', null, null, '0');
INSERT INTO `score` VALUES ('82', '16310121137', null, null, '0');
INSERT INTO `score` VALUES ('82', '16310121138', null, null, '0');
INSERT INTO `score` VALUES ('82', '16310121139', null, null, '0');
INSERT INTO `score` VALUES ('82', '16310121202', null, null, '0');
INSERT INTO `score` VALUES ('82', '16310121203', null, null, '0');
INSERT INTO `score` VALUES ('82', '16310121204', null, null, '0');
INSERT INTO `score` VALUES ('82', '16310121206', null, null, '0');
INSERT INTO `score` VALUES ('82', '16310121207', null, null, '0');
INSERT INTO `score` VALUES ('82', '16310121209', null, null, '0');
INSERT INTO `score` VALUES ('82', '16310121210', null, null, '0');
INSERT INTO `score` VALUES ('82', '16310121211', null, null, '0');
INSERT INTO `score` VALUES ('82', '16310121212', null, null, '0');
INSERT INTO `score` VALUES ('82', '16310121213', null, null, '0');
INSERT INTO `score` VALUES ('82', '16310121214', null, null, '0');
INSERT INTO `score` VALUES ('82', '16310121216', null, null, '0');
INSERT INTO `score` VALUES ('82', '16310121217', null, null, '0');
INSERT INTO `score` VALUES ('82', '16310121218', null, null, '0');
INSERT INTO `score` VALUES ('82', '16310121219', null, null, '0');
INSERT INTO `score` VALUES ('82', '16310121220', null, null, '0');
INSERT INTO `score` VALUES ('82', '16310121221', null, null, '0');
INSERT INTO `score` VALUES ('82', '16310121222', null, null, '0');
INSERT INTO `score` VALUES ('82', '16310121223', null, null, '0');
INSERT INTO `score` VALUES ('82', '16310121224', null, null, '0');
INSERT INTO `score` VALUES ('82', '16310121225', null, null, '0');
INSERT INTO `score` VALUES ('82', '16310121226', null, null, '0');
INSERT INTO `score` VALUES ('82', '16310121227', null, null, '0');
INSERT INTO `score` VALUES ('82', '16310121228', null, null, '0');
INSERT INTO `score` VALUES ('82', '16310121229', null, null, '0');
INSERT INTO `score` VALUES ('82', '16310121231', null, null, '0');
INSERT INTO `score` VALUES ('82', '16310121233', null, null, '0');
INSERT INTO `score` VALUES ('82', '16310121235', null, null, '0');
INSERT INTO `score` VALUES ('82', '16310121238', null, null, '0');
INSERT INTO `score` VALUES ('83', '16310121101', null, null, '0');
INSERT INTO `score` VALUES ('83', '16310121103', null, null, '0');
INSERT INTO `score` VALUES ('83', '16310121104', null, null, '0');
INSERT INTO `score` VALUES ('83', '16310121105', null, null, '0');
INSERT INTO `score` VALUES ('83', '16310121106', null, null, '0');
INSERT INTO `score` VALUES ('83', '16310121107', null, null, '0');
INSERT INTO `score` VALUES ('83', '16310121108', null, null, '0');
INSERT INTO `score` VALUES ('83', '16310121109', null, null, '0');
INSERT INTO `score` VALUES ('83', '16310121110', null, null, '0');
INSERT INTO `score` VALUES ('83', '16310121111', null, null, '0');
INSERT INTO `score` VALUES ('83', '16310121112', null, null, '0');
INSERT INTO `score` VALUES ('83', '16310121116', null, null, '0');
INSERT INTO `score` VALUES ('83', '16310121118', null, null, '0');
INSERT INTO `score` VALUES ('83', '16310121119', null, null, '0');
INSERT INTO `score` VALUES ('83', '16310121120', null, null, '0');
INSERT INTO `score` VALUES ('83', '16310121121', null, null, '0');
INSERT INTO `score` VALUES ('83', '16310121122', null, null, '0');
INSERT INTO `score` VALUES ('83', '16310121123', null, null, '0');
INSERT INTO `score` VALUES ('83', '16310121124', null, null, '0');
INSERT INTO `score` VALUES ('83', '16310121125', null, null, '0');
INSERT INTO `score` VALUES ('83', '16310121126', null, null, '0');
INSERT INTO `score` VALUES ('83', '16310121127', null, null, '0');
INSERT INTO `score` VALUES ('83', '16310121128', null, null, '0');
INSERT INTO `score` VALUES ('83', '16310121129', null, null, '0');
INSERT INTO `score` VALUES ('83', '16310121130', null, null, '0');
INSERT INTO `score` VALUES ('83', '16310121131', null, null, '0');
INSERT INTO `score` VALUES ('83', '16310121132', null, null, '0');
INSERT INTO `score` VALUES ('83', '16310121133', null, null, '0');
INSERT INTO `score` VALUES ('83', '16310121134', null, null, '0');
INSERT INTO `score` VALUES ('83', '16310121135', null, null, '0');
INSERT INTO `score` VALUES ('83', '16310121136', null, null, '0');
INSERT INTO `score` VALUES ('83', '16310121137', null, null, '0');
INSERT INTO `score` VALUES ('83', '16310121138', null, null, '0');
INSERT INTO `score` VALUES ('83', '16310121139', null, null, '0');
INSERT INTO `score` VALUES ('83', '16310121202', null, null, '0');
INSERT INTO `score` VALUES ('83', '16310121203', null, null, '0');
INSERT INTO `score` VALUES ('83', '16310121204', null, null, '0');
INSERT INTO `score` VALUES ('83', '16310121210', null, null, '0');
INSERT INTO `score` VALUES ('83', '16310121211', null, null, '0');
INSERT INTO `score` VALUES ('83', '16310121212', null, null, '0');
INSERT INTO `score` VALUES ('83', '16310121213', null, null, '0');
INSERT INTO `score` VALUES ('83', '16310121214', null, null, '0');
INSERT INTO `score` VALUES ('83', '16310121216', null, null, '0');
INSERT INTO `score` VALUES ('83', '16310121217', null, null, '0');
INSERT INTO `score` VALUES ('83', '16310121218', null, null, '0');
INSERT INTO `score` VALUES ('83', '16310121219', null, null, '0');
INSERT INTO `score` VALUES ('83', '16310121220', null, null, '0');
INSERT INTO `score` VALUES ('83', '16310121221', null, null, '0');
INSERT INTO `score` VALUES ('83', '16310121222', null, null, '0');
INSERT INTO `score` VALUES ('83', '16310121223', null, null, '0');
INSERT INTO `score` VALUES ('83', '16310121224', null, null, '0');
INSERT INTO `score` VALUES ('83', '16310121225', null, null, '0');
INSERT INTO `score` VALUES ('83', '16310121226', null, null, '0');
INSERT INTO `score` VALUES ('83', '16310121227', null, null, '0');
INSERT INTO `score` VALUES ('83', '16310121228', null, null, '0');
INSERT INTO `score` VALUES ('83', '16310121229', null, null, '0');
INSERT INTO `score` VALUES ('83', '16310121231', null, null, '0');
INSERT INTO `score` VALUES ('83', '16310121233', null, null, '0');
INSERT INTO `score` VALUES ('83', '16310121235', null, null, '0');
INSERT INTO `score` VALUES ('83', '16310121236', null, null, '0');
INSERT INTO `score` VALUES ('83', '16310121237', null, null, '0');
INSERT INTO `score` VALUES ('83', '16310121238', null, null, '0');
INSERT INTO `score` VALUES ('83', '16310121239', null, null, '0');
INSERT INTO `score` VALUES ('84', '16310121101', null, null, '0');
INSERT INTO `score` VALUES ('84', '16310121103', null, null, '0');
INSERT INTO `score` VALUES ('84', '16310121104', null, null, '0');
INSERT INTO `score` VALUES ('84', '16310121105', null, null, '0');
INSERT INTO `score` VALUES ('84', '16310121106', null, null, '0');
INSERT INTO `score` VALUES ('84', '16310121107', null, null, '0');
INSERT INTO `score` VALUES ('84', '16310121108', null, null, '0');
INSERT INTO `score` VALUES ('84', '16310121109', null, null, '0');
INSERT INTO `score` VALUES ('84', '16310121110', null, null, '0');
INSERT INTO `score` VALUES ('84', '16310121111', null, null, '0');
INSERT INTO `score` VALUES ('84', '16310121112', null, null, '0');
INSERT INTO `score` VALUES ('84', '16310121116', null, null, '0');
INSERT INTO `score` VALUES ('84', '16310121118', null, null, '0');
INSERT INTO `score` VALUES ('84', '16310121119', null, null, '0');
INSERT INTO `score` VALUES ('84', '16310121120', null, null, '0');
INSERT INTO `score` VALUES ('84', '16310121121', null, null, '0');
INSERT INTO `score` VALUES ('84', '16310121122', null, null, '0');
INSERT INTO `score` VALUES ('84', '16310121123', null, null, '0');
INSERT INTO `score` VALUES ('84', '16310121124', null, null, '0');
INSERT INTO `score` VALUES ('84', '16310121125', null, null, '0');
INSERT INTO `score` VALUES ('84', '16310121126', null, null, '0');
INSERT INTO `score` VALUES ('84', '16310121127', null, null, '0');
INSERT INTO `score` VALUES ('84', '16310121128', null, null, '0');
INSERT INTO `score` VALUES ('84', '16310121129', null, null, '0');
INSERT INTO `score` VALUES ('84', '16310121130', null, null, '0');
INSERT INTO `score` VALUES ('84', '16310121131', null, null, '0');
INSERT INTO `score` VALUES ('84', '16310121132', null, null, '0');
INSERT INTO `score` VALUES ('84', '16310121133', null, null, '0');
INSERT INTO `score` VALUES ('84', '16310121134', null, null, '0');
INSERT INTO `score` VALUES ('84', '16310121135', null, null, '0');
INSERT INTO `score` VALUES ('84', '16310121136', null, null, '0');
INSERT INTO `score` VALUES ('84', '16310121137', null, null, '0');
INSERT INTO `score` VALUES ('84', '16310121138', null, null, '0');
INSERT INTO `score` VALUES ('84', '16310121139', null, null, '0');
INSERT INTO `score` VALUES ('84', '16310121202', null, null, '0');
INSERT INTO `score` VALUES ('84', '16310121203', null, null, '0');
INSERT INTO `score` VALUES ('84', '16310121204', null, null, '0');
INSERT INTO `score` VALUES ('84', '16310121206', null, null, '0');
INSERT INTO `score` VALUES ('84', '16310121207', null, null, '0');
INSERT INTO `score` VALUES ('84', '16310121209', null, null, '0');
INSERT INTO `score` VALUES ('84', '16310121210', null, null, '0');
INSERT INTO `score` VALUES ('84', '16310121211', null, null, '0');
INSERT INTO `score` VALUES ('84', '16310121212', null, null, '0');
INSERT INTO `score` VALUES ('84', '16310121213', null, null, '0');
INSERT INTO `score` VALUES ('84', '16310121214', null, null, '0');
INSERT INTO `score` VALUES ('84', '16310121216', null, null, '0');
INSERT INTO `score` VALUES ('84', '16310121217', null, null, '0');
INSERT INTO `score` VALUES ('84', '16310121218', null, null, '0');
INSERT INTO `score` VALUES ('84', '16310121219', null, null, '0');
INSERT INTO `score` VALUES ('84', '16310121220', null, null, '0');
INSERT INTO `score` VALUES ('84', '16310121221', null, null, '0');
INSERT INTO `score` VALUES ('84', '16310121222', null, null, '0');
INSERT INTO `score` VALUES ('84', '16310121223', null, null, '0');
INSERT INTO `score` VALUES ('84', '16310121224', null, null, '0');
INSERT INTO `score` VALUES ('84', '16310121225', null, null, '0');
INSERT INTO `score` VALUES ('84', '16310121226', null, null, '0');
INSERT INTO `score` VALUES ('84', '16310121231', null, null, '0');
INSERT INTO `score` VALUES ('84', '16310121233', null, null, '0');
INSERT INTO `score` VALUES ('84', '16310121235', null, null, '0');
INSERT INTO `score` VALUES ('84', '16310121236', null, null, '0');
INSERT INTO `score` VALUES ('84', '16310121237', null, null, '0');
INSERT INTO `score` VALUES ('84', '16310121238', null, null, '0');
INSERT INTO `score` VALUES ('84', '16310121239', null, null, '0');

-- ----------------------------
-- Table structure for `student`
-- ----------------------------
DROP TABLE IF EXISTS `student`;
CREATE TABLE `student` (
  `STU_ID` varchar(12) NOT NULL,
  `STU_NAME` varchar(20) NOT NULL,
  `PASSWORD` varchar(200) NOT NULL,
  `GROUP_ID` tinyint(4) NOT NULL,
  `GROUP_LEADER` tinyint(4) DEFAULT NULL,
  `SCORE_FACTOR` float DEFAULT NULL COMMENT '参与项目的得分系数，由组长给定',
  PRIMARY KEY (`STU_ID`)
) ENGINE=InnoDB DEFAULT CHARSET=gbk;

-- ----------------------------
-- Records of student
-- ----------------------------
INSERT INTO `student` VALUES ('16310121101', '吕艺超', 'F379EAF3C831B04DE153469D1BEC345E', '11', '0', null);
INSERT INTO `student` VALUES ('16310121103', '王一宸', 'F379EAF3C831B04DE153469D1BEC347E', '12', '1', null);
INSERT INTO `student` VALUES ('16310121104', '王春鸿', 'F379EAF3C831B04DE153469D1BEC348E', '12', '0', null);
INSERT INTO `student` VALUES ('16310121105', '王虎成', 'F379EAF3C831B04DE153469D1BEC379E', '23', '1', null);
INSERT INTO `student` VALUES ('16310121106', '罗丽', 'F379EAF3C831B04DE153469D1BEC345E', '11', '1', null);
INSERT INTO `student` VALUES ('16310121107', '张仁鑫', 'F379EAF3C831B04DE153469D1BEC377E', '22', '1', null);
INSERT INTO `student` VALUES ('16310121108', '黄正杰', 'F379EAF3C831B04DE153469D1BEC375E', '21', '0', null);
INSERT INTO `student` VALUES ('16310121109', '徐天奇', 'F379EAF3C831B04DE153469D1BEC366E', '18', '0', null);
INSERT INTO `student` VALUES ('16310121110', '冷俊义', 'F379EAF3C831B04DE153469D1BEC365E', '18', '1', null);
INSERT INTO `student` VALUES ('16310121111', '方玲莉', 'F379EAF3C831B04DE153469D1BEC345E', '9', '1', null);
INSERT INTO `student` VALUES ('16310121112', '王博', 'F379EAF3C831B04DE153469D1BEC367E', '18', '0', null);
INSERT INTO `student` VALUES ('16310121116', '邹鹏', 'F379EAF3C831B04DE153469D1BEC374E', '21', '1', null);
INSERT INTO `student` VALUES ('16310121118', '曾星航', 'F379EAF3C831B04DE153469D1BEC378E', '22', '0', null);
INSERT INTO `student` VALUES ('16310121119', '郭磊', 'F379EAF3C831B04DE153469D1BEC360E', '16', '0', null);
INSERT INTO `student` VALUES ('16310121120', '唐茂源', 'F379EAF3C831B04DE153469D1BEC361E', '16', '0', null);
INSERT INTO `student` VALUES ('16310121121', '唐杰', 'F379EAF3C831B04DE153469D1BEC359E', '16', '1', null);
INSERT INTO `student` VALUES ('16310121122', '黄欣然', 'F379EAF3C831B04DE153469D1BEC346E', '11', '0', null);
INSERT INTO `student` VALUES ('16310121123', '薛连洪', 'F379EAF3C831B04DE153469D1BEC345E', '10', '0', null);
INSERT INTO `student` VALUES ('16310121124', '杜飞龙', 'F379EAF3C831B04DE153469D1BEC345E', '6', '1', null);
INSERT INTO `student` VALUES ('16310121125', '赵圣贤', 'F379EAF3C831B04DE153469D1BEC345E', '10', '1', null);
INSERT INTO `student` VALUES ('16310121126', '尹森', 'F379EAF3C831B04DE153469D1BEC369E', '19', '0', null);
INSERT INTO `student` VALUES ('16310121127', '李青龙', 'F379EAF3C831B04DE153469D1BEC368E', '19', '1', null);
INSERT INTO `student` VALUES ('16310121128', '章沉', 'F379EAF3C831B04DE153469D1BEC376E', '21', '0', null);
INSERT INTO `student` VALUES ('16310121129', '高逸伦', 'F379EAF3C831B04DE153469D1BEC370E', '19', '0', null);
INSERT INTO `student` VALUES ('16310121130', '陈罗林', 'F379EAF3C831B04DE153469D1BEC349E', '12', '0', null);
INSERT INTO `student` VALUES ('16310121131', '邓港', 'F379EAF3C831B04DE153469D1BEC350E', '13', '1', null);
INSERT INTO `student` VALUES ('16310121132', '杜超', 'F379EAF3C831B04DE153469D1BEC380E', '23', '0', null);
INSERT INTO `student` VALUES ('16310121133', '唐旭充', 'F379EAF3C831B04DE153469D1BEC345E', '6', '0', null);
INSERT INTO `student` VALUES ('16310121134', '陈绍煜', 'F379EAF3C831B04DE153469D1BEC381E', '23', '0', null);
INSERT INTO `student` VALUES ('16310121135', '李田', 'F379EAF3C831B04DE153469D1BEC351E', '13', '0', null);
INSERT INTO `student` VALUES ('16310121136', '周椿林', 'F379EAF3C831B04DE153469D1BEC345E', '6', '0', null);
INSERT INTO `student` VALUES ('16310121137', '池军', 'F379EAF3C831B04DE153469D1BEC352E', '13', '0', null);
INSERT INTO `student` VALUES ('16310121138', '熊晓枫', 'F379EAF3C831B04DE153469D1BEC345E', '10', '0', null);
INSERT INTO `student` VALUES ('16310121139', '卢宇', 'F379EAF3C831B04DE153469D1BEC345E', '9', '0', null);
INSERT INTO `student` VALUES ('16310121202', '秦婷佳', 'F379EAF3C831B04DE153469D1BEC363E', '17', '0', null);
INSERT INTO `student` VALUES ('16310121203', '宋思阳', 'F379EAF3C831B04DE153469D1BEC345E', '4', '0', null);
INSERT INTO `student` VALUES ('16310121204', '兰田', 'F379EAF3C831B04DE153469D1BEC345E', '4', '1', null);
INSERT INTO `student` VALUES ('16310121206', '邹继伟', 'F379EAF3C831B04DE153469D1BEC345E', '2', '1', null);
INSERT INTO `student` VALUES ('16310121207', '张林', 'F379EAF3C831B04DE153469D1BEC345E', '2', '0', null);
INSERT INTO `student` VALUES ('16310121209', '刘启江', 'F379EAF3C831B04DE153469D1BEC345E', '2', '0', null);
INSERT INTO `student` VALUES ('16310121210', '王年鸿', 'F379EAF3C831B04DE153469D1BEC345E', '5', '0', null);
INSERT INTO `student` VALUES ('16310121211', '王炜', 'F379EAF3C831B04DE153469D1BEC345E', '5', '1', null);
INSERT INTO `student` VALUES ('16310121212', '何屹炜', 'F379EAF3C831B04DE153469D1BEC345E', '5', '0', null);
INSERT INTO `student` VALUES ('16310121213', '罗贤哲', 'F379EAF3C831B04DE153469D1BEC345E', '7', '1', null);
INSERT INTO `student` VALUES ('16310121214', '但钰彪', 'F379EAF3C831B04DE153469D1BEC345E', '7', '0', null);
INSERT INTO `student` VALUES ('16310121216', '蔡佑杰', 'F379EAF3C831B04DE153469D1BEC345E', '8', '0', null);
INSERT INTO `student` VALUES ('16310121217', '杨力源', 'F379EAF3C831B04DE153469D1BEC345E', '8', '0', null);
INSERT INTO `student` VALUES ('16310121218', '向琦', 'F379EAF3C831B04DE153469D1BEC362E', '17', '1', null);
INSERT INTO `student` VALUES ('16310121219', '缪浩博', 'F379EAF3C831B04DE153469D1BEC345E', '8', '1', null);
INSERT INTO `student` VALUES ('16310121220', '牟泓宇', 'F379EAF3C831B04DE153469D1BEC345E', '4', '0', null);
INSERT INTO `student` VALUES ('16310121221', '胡中文', 'F379EAF3C831B04DE153469D1BEC357E', '15', '0', null);
INSERT INTO `student` VALUES ('16310121222', '谢正勇', 'F379EAF3C831B04DE153469D1BEC358E', '15', '0', null);
INSERT INTO `student` VALUES ('16310121223', '熊镇锋', 'F379EAF3C831B04DE153469D1BEC356E', '15', '1', null);
INSERT INTO `student` VALUES ('16310121224', '刘振兴', 'F379EAF3C831B04DE153469D1BEC353E', '14', '1', null);
INSERT INTO `student` VALUES ('16310121225', '黄浩', 'F379EAF3C831B04DE153469D1BEC354E', '14', '0', null);
INSERT INTO `student` VALUES ('16310121226', '彭沛', 'F379EAF3C831B04DE153469D1BEC355E', '14', '0', null);
INSERT INTO `student` VALUES ('16310121227', '潘锡昌', 'F379EAF3C831B04DE153469D1BEC345E', '1', '0', '1');
INSERT INTO `student` VALUES ('16310121228', '刘鹏', 'F379EAF3C831B04DE153469D1BEC345E', '1', '1', '1');
INSERT INTO `student` VALUES ('16310121229', '罗盛林', 'F379EAF3C831B04DE153469D1BEC345E', '1', '0', '1');
INSERT INTO `student` VALUES ('16310121231', '苟玉峰', 'F379EAF3C831B04DE153469D1BEC371E', '20', '1', null);
INSERT INTO `student` VALUES ('16310121233', '张记洲', 'F379EAF3C831B04DE153469D1BEC372E', '20', '0', null);
INSERT INTO `student` VALUES ('16310121235', '熊嘉驹', 'F379EAF3C831B04DE153469D1BEC373E', '20', '0', null);
INSERT INTO `student` VALUES ('16310121236', '徐余', 'F379EAF3C831B04DE153469D1BEC345E', '3', '1', null);
INSERT INTO `student` VALUES ('16310121237', '刘超', 'F379EAF3C831B04DE153469D1BEC345E', '3', '0', null);
INSERT INTO `student` VALUES ('16310121238', '刘希雅', 'F379EAF3C831B04DE153469D1BEC364E', '17', '0', null);
INSERT INTO `student` VALUES ('16310121239', '卢鹏杰', 'F379EAF3C831B04DE153469D1BEC345E', '3', '0', null);

-- ----------------------------
-- Table structure for `stu_group`
-- ----------------------------
DROP TABLE IF EXISTS `stu_group`;
CREATE TABLE `stu_group` (
  `GROUP_ID` tinyint(4) NOT NULL AUTO_INCREMENT,
  `GROUP_NAME` varchar(20) NOT NULL,
  `GROUP_DES` varchar(100) NOT NULL,
  `PHONE` varchar(11) DEFAULT NULL,
  `CLASS_ID` tinyint(4) NOT NULL,
  PRIMARY KEY (`GROUP_ID`)
) ENGINE=InnoDB AUTO_INCREMENT=24 DEFAULT CHARSET=gbk;

-- ----------------------------
-- Records of stu_group
-- ----------------------------
INSERT INTO `stu_group` VALUES ('1', '第1组', '小学期实训第1组', null, '1');
INSERT INTO `stu_group` VALUES ('2', '第2组', '小学期实训第2组', null, '1');
INSERT INTO `stu_group` VALUES ('3', '第3组', '小学期实训第3组', null, '1');
INSERT INTO `stu_group` VALUES ('4', '第4组', '小学期实训第4组', null, '1');
INSERT INTO `stu_group` VALUES ('5', '第5组', '小学期实训第5组', null, '1');
INSERT INTO `stu_group` VALUES ('6', '第6组', '小学期实训第6组', null, '1');
INSERT INTO `stu_group` VALUES ('7', '第7组', '小学期实训第7组', null, '1');
INSERT INTO `stu_group` VALUES ('8', '第8组', '小学期实训第8组', null, '1');
INSERT INTO `stu_group` VALUES ('9', '第9组', '小学期实训第9组', null, '1');
INSERT INTO `stu_group` VALUES ('10', '第10组', '小学期实训第10组', null, '1');
INSERT INTO `stu_group` VALUES ('11', '第11组', '小学期实训第11组', null, '1');
INSERT INTO `stu_group` VALUES ('12', '第12组', '小学期实训第12组', null, '1');
INSERT INTO `stu_group` VALUES ('13', '第13组', '小学期实训第13组', null, '1');
INSERT INTO `stu_group` VALUES ('14', '第14组', '小学期实训第14组', null, '1');
INSERT INTO `stu_group` VALUES ('15', '第15组', '小学期实训第15组', null, '1');
INSERT INTO `stu_group` VALUES ('16', '第16组', '小学期实训第16组', null, '1');
INSERT INTO `stu_group` VALUES ('17', '第17组', '小学期实训第17组', null, '1');
INSERT INTO `stu_group` VALUES ('18', '第18组', '小学期实训第18组', null, '1');
INSERT INTO `stu_group` VALUES ('19', '第19组', '小学期实训第19组', null, '1');
INSERT INTO `stu_group` VALUES ('20', '第20组', '小学期实训第20组', null, '1');
INSERT INTO `stu_group` VALUES ('21', '第21组', '小学期实训第21组', null, '1');
INSERT INTO `stu_group` VALUES ('22', '第22组', '小学期实训第22组', null, '1');
INSERT INTO `stu_group` VALUES ('23', '第23组', '小学期实训第23组', null, '1');

-- ----------------------------
-- Table structure for `sys_conf`
-- ----------------------------
DROP TABLE IF EXISTS `sys_conf`;
CREATE TABLE `sys_conf` (
  `STRKEY` varchar(20) NOT NULL,
  `STRVALUE` varchar(100) NOT NULL,
  `DES` varchar(100) DEFAULT NULL,
  PRIMARY KEY (`STRKEY`)
) ENGINE=InnoDB DEFAULT CHARSET=gbk;

-- ----------------------------
-- Records of sys_conf
-- ----------------------------
INSERT INTO `sys_conf` VALUES ('OpenFactor', 'false', '是否开放评得分系数');

-- ----------------------------
-- Table structure for `teacher`
-- ----------------------------
DROP TABLE IF EXISTS `teacher`;
CREATE TABLE `teacher` (
  `TEACHER_ID` tinyint(4) NOT NULL AUTO_INCREMENT,
  `LOGIN_NAME` varchar(12) NOT NULL,
  `TEACHER_NAME` varchar(20) NOT NULL,
  `PASSWORD` varchar(200) NOT NULL,
  `MANAGER` tinyint(4) NOT NULL DEFAULT '0',
  PRIMARY KEY (`TEACHER_ID`),
  UNIQUE KEY `LOGIN_NAME` (`LOGIN_NAME`) USING BTREE
) ENGINE=InnoDB AUTO_INCREMENT=2 DEFAULT CHARSET=gbk;

-- ----------------------------
-- Records of teacher
-- ----------------------------
INSERT INTO `teacher` VALUES ('1', 'chenjian', '陈建', '7932D8876632CF4E122A3AB217C3884A', '1');
